horizon,rmse,mae
37 days,4070.3482458566914,2920.930169355593
38 days,4079.489198771952,2921.1186012223766
39 days,4112.746410145099,2943.3096731410146
40 days,4045.9353037653514,2942.0081584743343
41 days,3938.7376014379765,2898.1435058921056
42 days,3980.0637369144115,2916.3658760553003
43 days,4032.7094365433004,2958.6111352291464
44 days,4098.9290573708495,2994.4604584852214
45 days,4120.754817249966,3006.240029591923
46 days,4135.157767747696,3015.91094091591
47 days,4145.84330481195,3020.9979296531583
48 days,4160.361660883671,3022.316850736517
49 days,4195.233414860877,3041.681931217783
50 days,4224.789573289034,3067.9744987397976
51 days,4306.3949056245465,3135.7656403089045
52 days,4316.860611853798,3150.7700247986827
53 days,4427.618889789775,3204.2095783216473
54 days,4439.830201183741,3219.3743334409583
55 days,4453.349506409083,3237.260863889982
56 days,4446.771367448425,3217.8989351709265
57 days,4459.591389466058,3245.5962060116317
58 days,4678.473118818302,3324.3883268990076
59 days,4680.890524935524,3331.9073573973637
60 days,4671.209171899208,3334.3905246388686
61 days,4662.2867709471575,3334.5223303937337
62 days,4598.302352750262,3296.8418589230455
63 days,4524.03850492965,3239.193157590801
64 days,4574.633545865005,3285.5601764866324
65 days,4555.977090523188,3263.8601568943877
66 days,4531.297478116592,3237.723101565458
67 days,4436.252402175058,3203.5360957531375
68 days,4313.789200112546,3134.375455030189
69 days,4285.589955953501,3103.5456035965904
70 days,4282.187104736573,3092.9208338938993
71 days,4314.556754916216,3109.24422588496
72 days,4313.13850233953,3109.358229537648
73 days,4272.895984778262,3069.6981716562545
74 days,4236.321868442615,3037.9686496376326
75 days,4205.200038375471,3008.23172648543
76 days,4166.960445479817,2976.6913625783927
77 days,4150.192300003261,2958.295936452835
78 days,4165.152166308232,2982.349709187632
79 days,4133.687519861343,2962.282927700774
80 days,4167.281363733642,2960.3925404855268
81 days,4128.607880404782,2928.0593900006293
82 days,4137.566604944973,2943.572845892429
83 days,4116.426738757669,2929.9572447919263
84 days,4117.781610936292,2942.4985248417042
85 days,4311.18183491408,2998.521124984769
86 days,4306.284231696607,3010.1940354114786
87 days,4262.589897546406,2988.408439719996
88 days,4226.034139867999,2953.4690697714896
89 days,4157.405091350565,2912.4150287572274
90 days,4065.4876318180573,2842.9768152498477
91 days,4103.374240104182,2867.4006475401275
92 days,4077.696747126104,2840.675831247238
93 days,4064.5113476539664,2836.5983262103396
94 days,3918.1659262608596,2781.142317430167
95 days,3746.3176237674124,2698.833106614007
96 days,3728.433887793376,2677.490872788691
97 days,3711.612491592539,2664.2381083791493
98 days,3743.005019607482,2658.9423159147873
99 days,3794.9522250315827,2702.4212319416274
100 days,3756.172012922868,2668.764320176397
101 days,3728.751912542045,2648.0097992894657
102 days,3734.312881959527,2657.877194182363
103 days,3716.5266255026204,2643.7894087772634
104 days,3685.3950339379635,2609.6104618697377
105 days,3725.3122113325203,2638.759059483344
106 days,3694.061623482902,2604.4130443995055
107 days,3726.7865250557506,2602.638186916647
108 days,3678.8446508210964,2564.73735576849
109 days,3693.677460772534,2586.5479892823123
110 days,3715.162550031749,2603.446592765461
111 days,3727.520396874775,2613.2339188125457
112 days,3907.4245426075745,2694.674173628271
113 days,3949.08316676943,2741.6911470951964
114 days,4021.093524259972,2786.1187948368897
115 days,3998.1924606279454,2771.4934088502764
116 days,3944.593352872444,2743.146932677349
117 days,3906.3212085499144,2733.568291008571
118 days,3972.590192149339,2784.1903023257455
119 days,3945.7190835096335,2756.3567965247858
120 days,3954.1612294567435,2772.6142201853927
121 days,3830.303038118822,2728.81383786869
122 days,3668.6518218894707,2646.3084134184614
123 days,3659.5019671590694,2635.3247839083074
124 days,3683.266391886497,2658.212514713473
125 days,3741.367587907563,2695.7586413838258
126 days,3798.760183422301,2741.0744483617477
127 days,3775.9613387332925,2722.755359599556
128 days,3766.9598333313847,2736.161385935194
129 days,3762.072221838304,2730.222922374685
130 days,3760.762736254902,2729.879415082135
131 days,3752.6544359531617,2725.7453312865996
132 days,3820.5741789709377,2769.7375590402667
133 days,3794.5271539536893,2732.2107357824316
134 days,3764.945137576103,2709.502202093616
135 days,3723.3498936584297,2684.915074882688
136 days,3705.8623586498616,2664.744142959933
137 days,3734.8527469709097,2684.92771833803
138 days,3772.7582475478594,2701.619284063374
139 days,3918.2105858629843,2766.740742251474
140 days,3972.155555535517,2828.7975805283068
141 days,4100.660786598919,2921.3011236218777
142 days,4113.211553169088,2942.8191803985014
143 days,4088.011868310794,2930.676861444997
144 days,4092.9353063012386,2937.985284987208
145 days,4231.838057457795,3020.544303437965
146 days,4216.21887737999,3009.1118772909085
147 days,4223.595367621301,3024.195540864504
148 days,4157.643149708346,3008.060976304257
149 days,4056.6649416616,2945.5127847091144
150 days,4032.820986540888,2944.349747549724
151 days,4035.559464231061,2960.4211617011792
152 days,4157.557847677437,3027.7692181016882
153 days,4212.23012484,3066.117829760491
154 days,4185.315852993,3043.4623104468455
155 days,4182.495461666047,3063.282158899989
156 days,4174.760331945934,3048.0881638581122
157 days,4182.381345252185,3062.854018665841
158 days,4188.90097193366,3084.9531176362552
159 days,4235.94223142929,3131.688540088498
160 days,4203.391338610284,3091.258031374074
161 days,4146.985528126624,3042.680421359452
162 days,4085.231238031324,2995.596089407165
163 days,4049.0989651535806,2979.9138750349457
164 days,4039.949973238052,2975.45619344974
165 days,4079.3376463867794,2999.5457776242
166 days,4133.3623977484785,3050.2782970933795
167 days,4182.648345292538,3106.1827984680694
168 days,4253.082690388306,3168.2029884855583
169 days,4232.929647076155,3168.8154657422583
170 days,4229.518578615113,3179.9698438491328
171 days,4233.4345538443695,3179.1108108237067
172 days,4344.002974690445,3234.1597848723923
173 days,4358.320962248793,3254.8520265515644
174 days,4331.2534862352395,3241.4557487234106
175 days,4246.581987058838,3190.7280189097946
176 days,4162.39032458964,3135.3631163289774
177 days,4087.9480619363367,3085.2132022855317
178 days,4047.135822490278,3062.6368488356943
179 days,4170.3500786895565,3132.7015376746867
180 days,4214.385375929201,3169.755646355261
181 days,4160.815826025724,3142.880115181442
182 days,4102.741673633559,3115.7063027366594
183 days,4092.022210430768,3101.4178271399924
184 days,4106.859384656855,3125.0466459500426
185 days,4112.773428921555,3136.1023266243938
186 days,4128.922625891084,3150.629889868934
187 days,4128.974046779998,3122.564005559092
188 days,4059.1164547632607,3068.063899642271
189 days,3968.7581845227983,3017.3544159377752
190 days,3948.5008110958734,3008.703834954991
191 days,3918.547756812966,2976.256743289385
192 days,3902.385269451894,2963.20590229189
193 days,3937.529070011016,2984.2070145427697
194 days,3990.4690553860273,3035.1227242240448
195 days,4049.3881003652064,3059.172930859887
196 days,4044.3421170927927,3065.456307133531
197 days,4080.6099072419684,3090.023817476042
198 days,4079.2058141468956,3090.8312288205393
199 days,4093.9876317398043,3092.3506084705637
200 days,4116.015974983097,3120.396188968569
201 days,4120.628489101686,3128.835247840773
202 days,4060.265116063587,3066.698787699732
203 days,4051.3450627653024,3051.8368564137772
204 days,4001.1059330404546,3020.154736729911
205 days,3972.222764067067,2999.232161158943
206 days,4010.3907763055854,3031.621858310829
207 days,4041.6247554222123,3046.0612713954924
208 days,4027.589735752287,3058.923736850743
209 days,3966.8057470772296,3040.202920930022
210 days,3963.822223183561,3016.4389792352467
211 days,3968.375554453408,3015.649099412602
212 days,3966.094197098996,3012.6299142981975
213 days,3945.636838508417,2986.819250248323
214 days,3957.347834884611,2977.67935312549
215 days,3898.736902607731,2931.2624021418196
216 days,3803.9800899233196,2873.6924748141387
217 days,3777.537172109696,2836.184496441594
218 days,3747.297075442295,2810.0711307363254
219 days,3733.4099737421634,2801.2051626714797
220 days,3753.06481934983,2807.1997151864525
221 days,3767.2102579499747,2826.0611789078503
222 days,3842.1374600508375,2840.180108424776
223 days,3830.866325286796,2839.922601760151
224 days,3853.2557932951236,2845.5008877483274
225 days,3849.316631537522,2841.9436438490275
226 days,3858.929590266199,2849.883181001009
227 days,3858.3858044114986,2858.5914338705884
228 days,3884.1053325358143,2884.05623229156
229 days,3860.4253204970923,2861.763961620663
230 days,3831.318241497781,2843.102398855524
231 days,3774.156083961703,2803.412783238412
232 days,3723.184575906123,2768.3255721042356
233 days,3721.9725201455176,2770.8517894077695
234 days,3742.904022270995,2781.908960551007
235 days,3816.381355472326,2840.2271101039387
236 days,3853.9411334401,2879.785062209403
237 days,3821.7883146857657,2832.6803581216886
238 days,3805.2418246350353,2823.531718899189
239 days,3767.897169236572,2785.7278566111713
240 days,3710.821821966272,2722.0259968418145
241 days,3705.7187761811697,2705.2458299364134
242 days,3672.1717151089824,2685.7209948222467
243 days,3625.392065688399,2650.3462931370254
244 days,3561.162107777173,2595.0350150553177
245 days,3540.3771759043816,2576.400884157448
246 days,3519.1973766137626,2573.5535103205225
247 days,3551.860578681755,2618.032573987297
248 days,3575.655801978604,2644.5916733134122
249 days,3687.8814511686096,2691.8771836097317
250 days,3678.048536455822,2695.4628439602966
251 days,3654.602682907812,2689.6146012750623
252 days,3618.520565295221,2667.4321478512156
253 days,3605.214238593095,2674.294778962421
254 days,3580.6762418952508,2673.9696853114115
255 days,3577.417733177098,2668.086988437187
256 days,3552.7085562842276,2654.8475371155437
257 days,3537.0106246534183,2646.1662704356017
258 days,3460.679454691106,2592.3366812403765
259 days,3424.35272980245,2571.5017313967724
260 days,3416.646315434364,2571.0361899872837
261 days,3407.219807272672,2570.869079786362
262 days,3446.42676763339,2595.052388765929
263 days,3499.9618401921957,2633.7820103419103
264 days,3487.1366043057646,2602.241780406663
265 days,3503.4139399694786,2610.831514509643
266 days,3476.904606284348,2577.505169252298
267 days,3447.622274118923,2545.8601691229123
268 days,3469.9005217276012,2560.845285991463
269 days,3464.8782237378346,2562.1648701522618
270 days,3440.4161996493085,2542.734353256715
271 days,3389.092544770056,2505.8852746120774
272 days,3326.041455342428,2446.760575129906
273 days,3318.915350764511,2438.880417169679
274 days,3334.6493393839387,2458.0136179398382
275 days,3354.151064759099,2472.0205756774667
276 days,3450.377428859099,2532.896340046092
277 days,3461.2759284610574,2538.2870386322197
278 days,3476.1805613084875,2545.7147209348554
279 days,3469.351952991734,2533.8747055697945
280 days,3468.965180002,2544.679165029955
281 days,3458.5003839247574,2551.182311706934
282 days,3457.0649978217943,2555.37694920402
283 days,3487.221770320611,2570.928417651002
284 days,3467.273778040274,2547.628463987467
285 days,3396.3650013255,2514.172287993848
286 days,3362.956136044315,2507.736040897974
287 days,3360.4290725523742,2497.833199916722
288 days,3365.355621742223,2499.190621415278
289 days,3431.5572225597016,2534.5603846788467
290 days,3435.2237545064895,2538.873631221641
291 days,3418.9658317794697,2515.737463123179
292 days,3443.092632943603,2510.3938844228724
293 days,3426.6897923444703,2485.361618082664
294 days,3438.8628822076794,2488.670509628267
295 days,3490.658069274098,2531.2843058945145
296 days,3472.158945639549,2530.0877843500393
297 days,3461.2532583266848,2518.4698929340084
298 days,3431.7881577701137,2495.3567185376955
299 days,3382.38642286478,2461.683314990585
300 days,3368.2424355194557,2465.450405691101
301 days,3343.395968315918,2448.222430734234
302 days,3321.414413548546,2430.4243944952195
303 days,3372.70382834275,2464.6019401860904
304 days,3336.841631113614,2428.100722727035
305 days,3319.6936015104575,2417.242058767166
306 days,3315.82046038925,2421.9108295636697
307 days,3297.1750996144956,2417.5348033572027
308 days,3286.998368110548,2412.178927427914
309 days,3268.990956915035,2415.6722698175104
310 days,3304.5642529890474,2441.4022625153966
311 days,3338.7607005292593,2451.096639419085
312 days,3301.9976343407716,2422.9968036328924
313 days,3293.966544114249,2429.625156589449
314 days,3289.7887765232713,2429.584455051115
315 days,3273.642112848647,2424.530885554714
316 days,3336.655880677837,2460.7954629001392
317 days,3353.4354125948253,2468.2930817353827
318 days,3336.841770492291,2450.1371741215908
319 days,3282.7628923314433,2393.620428256158
320 days,3255.833947898358,2372.9747708807536
321 days,3251.5654296986663,2366.575215559573
322 days,3290.5781849517202,2389.8530985944126
323 days,3269.6859476743425,2374.8303969296644
324 days,3300.4340486757224,2396.802344271398
325 days,3282.9915821906643,2389.4826975428964
326 days,3293.788426891015,2401.5181421419347
327 days,3391.149410357655,2477.719099252062
328 days,3457.3859550841366,2514.836663337084
329 days,3463.7230436734512,2526.8940776256577
330 days,3473.400485479649,2543.445361326822
331 days,3439.35945792261,2512.9419014110554
332 days,3411.874337253861,2497.445033136494
333 days,3414.548579970413,2506.490075323578
334 days,3398.7877093187435,2500.8850832470516
335 days,3394.6097337296414,2489.5600121221887
336 days,3383.3618111326027,2476.9119227346646
337 days,3431.3769388189153,2509.069261996617
338 days,3486.627403925417,2554.907123715677
339 days,3470.8622210401722,2545.1663849014567
340 days,3491.7575888432434,2579.8947253146416
341 days,3541.8237384098015,2629.807723755663
342 days,3535.7661294590093,2626.3273785048855
343 days,3549.867248091411,2637.97578292013
344 days,3569.9285446048802,2660.468550539508
345 days,3564.4938027014987,2661.640301335053
346 days,3546.195461660304,2642.839606101621
347 days,3535.575308800486,2637.4621459378177
348 days,3551.909648449629,2671.242020885739
349 days,3538.39164117114,2671.2463892276196
350 days,3499.0729378827627,2636.3264244143215
351 days,3478.1437785418652,2610.7264569838917
352 days,3449.5115240987184,2576.293781911227
353 days,3474.6918580344777,2593.6431187426247
354 days,3581.7040419666196,2661.028387227856
355 days,3701.119331375984,2730.109805992361
356 days,3739.997784647668,2754.1106858374815
357 days,3744.751090247406,2764.8861331816643
358 days,3747.965498391944,2764.2805637907804
359 days,3754.353566969418,2773.621295538894
360 days,3762.252782140061,2781.8343582875177
361 days,3742.958536067424,2767.087945065166
362 days,3749.4826359427175,2759.8524781760757
363 days,3703.1738573348484,2734.535445844971
364 days,3694.9626477089205,2735.827918302806
365 days,3673.9814105435967,2731.284410429286
