changepoint_prior_scale,seasonality_prior_scale,seasonality_mode,daily_seasonality,weekly_seasonality,yearly_seasonality,rmse
0.1,5.0,additive,True,False,False,2222.775541770035
0.1,0.01,additive,True,False,False,2223.8827504520764
0.1,0.01,additive,False,False,False,2224.189346648377
0.1,0.1,additive,False,False,False,2224.189346648377
0.1,1.0,additive,False,False,False,2224.189346648377
0.1,0.05,additive,False,False,False,2224.189346648377
0.1,0.5,additive,False,False,False,2224.189346648377
0.1,10.0,additive,False,False,False,2224.189346648377
0.1,5.0,additive,False,False,False,2224.189346648377
0.1,10.0,additive,True,False,False,2224.7265493234745
0.1,0.5,additive,True,False,False,2224.9793431642483
0.1,0.05,additive,True,False,False,2225.868337449529
0.1,0.1,additive,True,False,False,2226.401756041312
0.1,1.0,additive,True,False,False,2227.0320488803513
0.1,0.01,additive,True,True,False,2227.245581877378
0.1,10.0,additive,False,True,False,2230.6302367581216
0.1,0.5,additive,True,True,False,2230.6760409003664
0.1,0.1,additive,False,True,False,2231.5287960474566
0.1,1.0,additive,True,True,False,2231.833227493294
0.1,0.01,additive,False,True,False,2232.188782312414
0.1,10.0,additive,True,True,False,2232.32809437334
0.1,5.0,additive,True,True,False,2232.4349091172744
0.1,0.05,additive,False,True,False,2232.694003040798
0.1,0.1,additive,True,True,False,2233.656132568791
0.1,0.05,additive,True,True,False,2233.9664301193015
0.1,1.0,additive,False,True,False,2234.333360921373
0.1,5.0,additive,False,True,False,2234.4260392891892
0.1,0.5,additive,False,True,False,2234.9499682014352
0.05,5.0,additive,True,False,False,2246.044241041273
0.05,0.05,additive,True,False,False,2247.9845064692026
0.05,0.5,additive,True,False,False,2248.817769305851
0.05,1.0,additive,True,False,False,2249.4488544593146
0.05,0.01,additive,True,True,False,2251.544082652512
0.05,0.1,additive,True,False,False,2251.814914057899
0.05,1.0,additive,True,True,False,2252.99019013603
0.05,0.01,additive,True,False,False,2253.441523072569
0.05,10.0,additive,True,False,False,2253.888297605147
0.05,5.0,multiplicative,False,False,False,2253.9004010379776
0.05,0.5,multiplicative,False,False,False,2253.9004010379776
0.05,0.1,multiplicative,False,False,False,2253.9004010379776
0.05,10.0,multiplicative,False,False,False,2253.9004010379776
0.05,0.05,multiplicative,False,False,False,2253.9004010379776
0.05,1.0,multiplicative,False,False,False,2253.9004010379776
0.05,0.01,multiplicative,False,False,False,2253.9004010379776
0.05,0.5,additive,False,False,False,2255.2037897035643
0.05,0.01,additive,False,False,False,2255.2037897035643
0.05,5.0,additive,False,False,False,2255.2037897035643
0.05,1.0,additive,False,False,False,2255.2037897035643
0.05,10.0,additive,False,False,False,2255.2037897035643
0.05,0.1,additive,False,False,False,2255.2037897035643
0.05,0.05,additive,False,False,False,2255.2037897035643
0.05,0.05,multiplicative,True,False,False,2258.1075031434116
0.05,0.01,additive,False,True,False,2258.5776947933578
0.05,0.1,additive,False,True,False,2258.677426072683
0.05,10.0,additive,True,True,False,2259.3363274505077
0.05,0.01,multiplicative,False,True,False,2259.4584341867544
0.05,0.05,additive,True,True,False,2259.6065478795285
0.05,0.5,additive,True,True,False,2260.6551793943554
0.05,0.05,additive,False,True,False,2260.6837493733487
0.05,0.01,multiplicative,True,False,False,2261.720755450858
0.05,0.1,additive,True,True,False,2262.022822571522
0.05,5.0,additive,True,True,False,2262.1749755046408
0.05,0.5,additive,False,True,False,2262.8523160727814
0.05,10.0,multiplicative,True,False,False,2263.3685371373945
0.05,5.0,additive,False,True,False,2263.7723302091567
0.1,0.01,additive,True,False,True,2263.792848742648
0.05,1.0,additive,False,True,False,2264.14966521687
0.05,0.1,multiplicative,True,False,False,2264.8474421918327
0.1,0.01,additive,False,False,True,2265.062887850353
0.05,0.1,multiplicative,True,True,False,2265.1450701997414
0.05,10.0,additive,False,True,False,2266.0900332863366
0.05,1.0,multiplicative,True,False,False,2267.7874057619365
0.05,0.05,multiplicative,False,True,False,2268.602887539293
0.05,0.05,multiplicative,True,True,False,2268.652462196878
0.1,0.05,additive,False,False,True,2269.553092636404
0.1,0.01,additive,True,True,True,2269.6449607172867
0.05,0.5,multiplicative,True,False,False,2270.3697554756436
0.05,0.01,multiplicative,True,True,True,2272.9134137997603
0.05,0.01,multiplicative,False,False,True,2273.199581462638
0.1,0.01,additive,False,True,True,2273.3708152181966
0.05,10.0,multiplicative,True,True,False,2273.5435905047325
0.05,1.0,multiplicative,True,True,False,2274.31885260787
0.1,0.1,additive,True,False,True,2275.34033455055
0.05,0.01,multiplicative,True,True,False,2275.3687496616044
0.1,5.0,additive,False,False,True,2276.4329230888475
0.05,5.0,multiplicative,True,True,False,2277.2478281728686
0.1,0.05,additive,True,False,True,2277.6261255051218
0.05,5.0,multiplicative,True,False,False,2278.0084177946837
0.1,0.1,additive,False,False,True,2278.050929859902
0.1,0.5,additive,True,False,True,2278.1525341661527
0.05,1.0,multiplicative,False,True,False,2278.662127328369
0.1,1.0,additive,True,False,True,2278.891127006771
0.1,1.0,additive,False,False,True,2281.159513148168
0.1,5.0,additive,True,False,True,2281.1654520411266
0.1,5.0,additive,False,True,True,2281.8517798699286
0.1,10.0,additive,True,False,True,2282.3182364956674
0.05,0.5,multiplicative,True,True,False,2282.860476433538
0.1,0.1,additive,False,True,True,2283.0806954339528
0.1,10.0,additive,False,False,True,2283.4354826104754
0.05,10.0,multiplicative,False,True,False,2283.6953810576015
0.1,0.1,additive,True,True,True,2283.8476662073294
0.05,0.01,multiplicative,True,False,True,2283.8769579755713
0.1,0.05,additive,False,True,True,2284.871771796968
0.1,0.5,additive,False,False,True,2284.9045746468987
0.05,0.5,multiplicative,False,True,False,2285.0201840364507
0.1,0.5,additive,False,True,True,2285.0220101013165
0.1,0.05,additive,True,True,True,2286.1910375071725
0.1,1.0,additive,True,True,True,2287.3275592193177
0.1,10.0,additive,True,True,True,2288.541187599959
0.1,0.5,additive,True,True,True,2289.26591405812
0.1,5.0,additive,True,True,True,2290.0093404477593
0.1,1.0,additive,False,True,True,2290.0394190563807
0.05,0.1,multiplicative,False,True,False,2292.1372663153697
0.5,10.0,additive,True,False,False,2293.356619512272
0.05,10.0,additive,True,False,True,2293.7805507989324
0.05,0.01,multiplicative,False,True,True,2293.7960209744974
0.1,10.0,additive,False,True,True,2293.872110343742
0.5,0.5,additive,False,False,False,2293.941430544002
0.5,10.0,additive,False,False,False,2293.941430544002
0.5,0.01,additive,False,False,False,2293.941430544002
0.5,1.0,additive,False,False,False,2293.941430544002
0.5,0.05,additive,False,False,False,2293.941430544002
0.5,0.1,additive,False,False,False,2293.941430544002
0.5,5.0,additive,False,False,False,2293.941430544002
0.5,0.5,additive,True,False,False,2294.0004381760004
0.5,0.1,additive,True,False,False,2295.1876845081533
0.5,5.0,additive,True,False,False,2295.216750939379
0.5,0.05,additive,True,False,False,2296.2437750564286
0.5,1.0,additive,True,False,False,2296.372626469778
0.05,0.01,additive,True,False,True,2296.4081065216546
0.5,0.01,additive,True,False,False,2296.627459139534
0.05,0.1,additive,True,True,True,2297.639198182706
0.05,0.01,additive,True,True,True,2298.340344156466
0.05,0.01,additive,False,False,True,2298.9889794376245
0.5,1.0,additive,True,True,False,2299.0068566459245
0.05,0.01,additive,False,True,True,2299.245085386075
0.5,5.0,additive,False,True,False,2299.463450294176
0.5,0.5,additive,True,True,False,2299.8039876731355
0.5,0.05,additive,True,True,False,2300.17161184858
0.5,5.0,additive,True,True,False,2300.1796684975448
0.5,0.01,additive,True,True,False,2300.29752113478
0.5,0.1,additive,False,True,False,2300.5661903671667
0.05,5.0,additive,True,False,True,2300.5744122058773
0.5,0.01,additive,False,True,False,2301.3268697139447
0.5,0.1,additive,True,True,False,2301.386142430423
0.5,0.05,additive,False,True,False,2301.495698842332
0.05,10.0,additive,False,False,True,2301.624598710747
0.05,5.0,additive,False,False,True,2301.654059136585
0.5,0.5,additive,False,True,False,2301.7670783068193
0.05,5.0,additive,True,True,True,2301.9788058765143
0.05,0.1,additive,True,False,True,2302.679136283277
0.05,0.05,additive,False,False,True,2302.8516195635466
0.5,10.0,additive,False,True,False,2303.1056866815607
0.05,1.0,additive,True,False,True,2303.5848907349477
0.05,1.0,additive,False,False,True,2304.029846023304
0.05,0.5,additive,True,False,True,2304.460241590891
0.5,10.0,additive,True,True,False,2304.7657274384737
0.05,0.1,additive,False,False,True,2304.997558723031
0.05,1.0,additive,False,True,True,2305.3401540759855
0.5,1.0,additive,False,True,False,2305.5499545446555
0.05,0.05,additive,True,False,True,2305.5514621423004
0.05,0.5,additive,False,False,True,2305.933193670658
0.05,0.5,additive,False,True,True,2307.0916855657797
0.05,5.0,multiplicative,False,True,False,2307.9737300326683
0.1,1.0,multiplicative,True,False,False,2308.334167577997
0.05,5.0,additive,False,True,True,2308.515397067191
0.05,0.5,additive,True,True,True,2309.3679713490064
0.1,10.0,multiplicative,True,False,False,2310.1121741222782
0.1,0.5,multiplicative,True,False,False,2310.4899971617524
0.05,0.05,additive,False,True,True,2311.072354599607
0.05,10.0,additive,True,True,True,2311.12446925418
0.05,10.0,additive,False,True,True,2311.796980309218
0.05,0.05,additive,True,True,True,2312.2706939982395
0.05,0.1,additive,False,True,True,2313.0049462708544
0.1,5.0,multiplicative,True,False,False,2313.205678025355
0.05,1.0,additive,True,True,True,2313.2515914300293
0.1,0.01,multiplicative,True,True,False,2319.507334324723
0.1,0.1,multiplicative,True,False,False,2321.0802672620775
0.1,0.01,multiplicative,True,False,False,2321.6186306421305
0.1,0.05,multiplicative,True,False,False,2323.237784563019
0.1,1.0,multiplicative,False,False,False,2325.535030547063
0.1,0.05,multiplicative,False,False,False,2325.535030547063
0.1,0.1,multiplicative,False,False,False,2325.535030547063
0.1,10.0,multiplicative,False,False,False,2325.535030547063
0.1,0.5,multiplicative,False,False,False,2325.535030547063
0.1,0.01,multiplicative,False,False,False,2325.535030547063
0.1,5.0,multiplicative,False,False,False,2325.535030547063
0.1,0.01,multiplicative,False,True,False,2332.1992522369023
0.1,1.0,multiplicative,True,True,False,2333.312402515907
0.1,0.01,multiplicative,False,False,True,2335.133729140575
0.5,0.01,multiplicative,True,False,False,2336.345477377371
0.1,0.5,multiplicative,True,True,False,2337.1704953881876
0.1,0.05,multiplicative,True,True,False,2338.473753139232
0.5,0.05,multiplicative,True,False,False,2338.7597670302002
0.5,0.01,multiplicative,False,True,False,2339.4857038337527
0.1,0.01,multiplicative,False,True,True,2340.630374264361
0.5,0.01,multiplicative,True,True,False,2342.4770208215646
0.1,5.0,multiplicative,True,True,False,2342.6702062643812
0.5,0.1,multiplicative,True,False,False,2342.740180068137
0.5,10.0,multiplicative,False,False,False,2342.961328327677
0.5,5.0,multiplicative,False,False,False,2342.961328327677
0.5,0.5,multiplicative,False,False,False,2342.961328327677
0.5,0.1,multiplicative,False,False,False,2342.961328327677
0.5,1.0,multiplicative,False,False,False,2342.961328327677
0.5,0.05,multiplicative,False,False,False,2342.961328327677
0.5,0.01,multiplicative,False,False,False,2342.961328327677
0.1,10.0,multiplicative,True,True,False,2343.376611080861
0.1,0.01,multiplicative,True,False,True,2344.5337120587824
0.1,0.01,multiplicative,True,True,True,2345.9388012572413
0.1,0.1,multiplicative,False,True,False,2346.1543958388656
0.1,0.05,multiplicative,False,True,False,2347.8462697983755
0.1,0.1,multiplicative,True,True,False,2350.500029611928
0.1,1.0,multiplicative,False,True,False,2353.371375135382
0.1,0.5,multiplicative,False,True,False,2354.2498924639044
0.1,10.0,multiplicative,False,True,False,2354.2914352360435
0.5,0.01,multiplicative,True,True,True,2356.150113318972
0.5,0.05,multiplicative,True,True,False,2356.906177031463
0.5,0.05,multiplicative,False,True,False,2357.1415011677723
0.1,5.0,multiplicative,False,True,False,2357.4299950305694
0.5,0.01,multiplicative,False,True,True,2359.5816944928497
0.5,0.01,multiplicative,True,False,True,2363.3642927465794
0.5,0.1,multiplicative,True,True,False,2363.448981213212
0.5,0.1,multiplicative,False,True,False,2365.8831617512037
0.5,0.01,multiplicative,False,False,True,2366.681325183258
0.5,0.5,multiplicative,False,True,False,2367.921811726761
0.5,0.01,additive,False,False,True,2376.4251949318405
0.5,10.0,multiplicative,False,True,False,2378.976494938922
0.5,0.01,additive,True,False,True,2379.0352745509995
0.05,0.05,multiplicative,False,False,True,2380.3948274288987
0.5,0.01,additive,False,True,True,2381.8616382729665
0.5,0.01,additive,True,True,True,2381.911278313205
0.5,1.0,multiplicative,False,True,False,2386.348586059249
0.05,0.05,multiplicative,False,True,True,2391.1573540277723
0.05,0.05,multiplicative,True,False,True,2401.573703619426
0.5,5.0,multiplicative,True,False,False,2405.6483527920404
0.5,0.5,multiplicative,True,False,False,2405.6938150798155
0.5,1.0,multiplicative,True,False,False,2408.115649052248
0.5,0.5,additive,False,False,True,2408.157256792584
0.5,0.1,additive,True,False,True,2409.3209481180243
0.5,5.0,additive,True,True,True,2410.8411423652133
0.5,5.0,additive,True,False,True,2412.9426489946195
0.05,0.05,multiplicative,True,True,True,2413.3367231704074
0.5,0.05,additive,False,False,True,2413.605541285205
0.5,5.0,additive,False,False,True,2414.017689938179
0.5,1.0,additive,False,False,True,2414.307931206459
0.5,10.0,additive,False,False,True,2414.94959455217
0.5,0.05,additive,True,False,True,2415.222671512617
0.5,10.0,additive,True,False,True,2416.7204905204985
0.5,0.5,additive,True,False,True,2416.9825592493307
0.5,0.1,additive,False,False,True,2418.676786192034
0.5,10.0,additive,False,True,True,2418.7121447917716
0.5,0.05,additive,True,True,True,2419.681389025376
0.5,0.1,additive,True,True,True,2419.7712492736546
0.5,5.0,additive,False,True,True,2420.0620696515443
0.5,10.0,multiplicative,True,False,False,2420.2815254042007
0.5,0.05,additive,False,True,True,2421.891133367402
0.5,1.0,additive,True,True,True,2422.8886823584653
0.5,0.5,additive,True,True,True,2423.6434821631187
0.5,1.0,additive,False,True,True,2424.2270966634146
0.5,0.5,additive,False,True,True,2424.302400347402
0.5,0.1,additive,False,True,True,2424.910434341945
0.5,10.0,additive,True,True,True,2425.2254161598175
0.5,5.0,multiplicative,True,True,False,2429.4511552010695
0.5,1.0,additive,True,False,True,2431.9496849024777
0.5,0.5,multiplicative,True,True,False,2432.652187511447
0.5,10.0,multiplicative,True,True,False,2434.638911662555
0.5,5.0,multiplicative,False,True,False,2439.082540647549
0.5,1.0,multiplicative,True,True,False,2445.2404333172994
0.05,0.1,multiplicative,False,False,True,2449.9547446615934
0.05,0.1,multiplicative,True,False,True,2465.7382648287603
0.01,0.1,multiplicative,True,True,False,2468.0551408240813
0.05,0.1,multiplicative,False,True,True,2474.3334240151676
0.05,0.1,multiplicative,True,True,True,2496.191380915106
0.05,10.0,multiplicative,False,True,True,2499.9970985295968
0.01,5.0,additive,True,False,False,2501.038280431107
0.01,0.1,additive,False,False,False,2503.2728017700506
0.01,5.0,additive,False,False,False,2503.2728017700506
0.01,0.05,additive,False,False,False,2503.2728017700506
0.01,10.0,additive,False,False,False,2503.2728017700506
0.01,0.01,additive,False,False,False,2503.2728017700506
0.01,1.0,additive,False,False,False,2503.2728017700506
0.01,0.5,additive,False,False,False,2503.2728017700506
0.01,10.0,additive,True,True,False,2505.710228035284
0.1,0.05,multiplicative,False,False,True,2507.2626122750944
0.01,0.01,additive,False,True,False,2508.3435033204005
0.05,5.0,multiplicative,True,False,True,2508.4455547059947
0.01,0.5,multiplicative,True,False,False,2508.58260852215
0.01,0.5,additive,True,True,False,2509.176196343064
0.01,0.1,additive,True,False,False,2509.44213698223
0.01,0.01,multiplicative,False,True,False,2511.0915777815667
0.05,0.5,multiplicative,False,False,True,2511.3926053806113
0.05,1.0,multiplicative,True,False,True,2511.6769678365067
0.01,0.1,multiplicative,False,True,False,2511.731961946808
0.01,5.0,multiplicative,True,False,False,2512.107102152721
0.05,5.0,multiplicative,False,True,True,2512.35180277581
0.01,1.0,additive,True,False,False,2512.6400667531684
0.01,0.5,additive,True,False,False,2512.8889717604384
0.01,0.5,additive,False,True,False,2513.277484267864
0.05,5.0,multiplicative,False,False,True,2513.358806335207
0.01,0.5,multiplicative,False,True,False,2513.7762794993655
0.01,0.5,multiplicative,True,True,False,2513.777411452669
0.05,10.0,multiplicative,True,True,True,2514.079411342758
0.05,0.5,multiplicative,False,True,True,2514.691528082461
0.01,0.01,additive,True,False,False,2514.819083907471
0.01,0.1,additive,True,True,False,2514.936128367738
0.01,0.05,additive,True,False,False,2514.9830718476182
0.01,0.05,additive,True,True,False,2515.179631279519
0.05,10.0,multiplicative,True,False,True,2515.3689442631203
0.01,5.0,additive,True,True,False,2516.96519279227
0.01,1.0,additive,True,True,False,2517.1793440618244
0.1,0.05,multiplicative,True,False,True,2517.2219986816312
0.05,1.0,multiplicative,False,False,True,2517.6545820385018
0.05,10.0,multiplicative,False,False,True,2517.8288210507503
0.01,10.0,additive,True,False,False,2517.9451055549166
0.01,0.05,multiplicative,True,False,False,2518.6753131302794
0.01,0.1,additive,False,True,False,2518.8038217654025
0.01,5.0,multiplicative,False,True,False,2520.91509706219
0.01,0.05,additive,False,True,False,2521.298082801335
0.01,0.1,multiplicative,True,False,False,2521.7143000068327
0.01,0.05,multiplicative,True,True,False,2521.7847203624233
0.01,10.0,multiplicative,True,False,False,2523.4909621811753
0.05,1.0,multiplicative,True,True,True,2523.8403294642235
0.01,10.0,multiplicative,False,False,False,2524.2749711086526
0.01,0.5,multiplicative,False,False,False,2524.2749711086526
0.01,5.0,multiplicative,False,False,False,2524.2749711086526
0.01,0.01,multiplicative,False,False,False,2524.2749711086526
0.01,1.0,multiplicative,False,False,False,2524.2749711086526
0.01,0.1,multiplicative,False,False,False,2524.2749711086526
0.01,0.05,multiplicative,False,False,False,2524.2749711086526
0.01,10.0,multiplicative,False,True,False,2524.3860267763075
0.01,10.0,additive,False,True,False,2524.8233483806175
0.01,0.01,additive,True,True,False,2527.077597809225
0.01,0.05,multiplicative,False,True,False,2527.224226733949
0.01,0.01,multiplicative,False,False,True,2527.4053133078933
0.05,0.5,multiplicative,True,False,True,2527.7435489371937
0.05,1.0,multiplicative,False,True,True,2528.6538354294585
0.01,5.0,additive,False,True,False,2529.400348674576
0.01,1.0,additive,False,True,False,2529.7759345073096
0.05,5.0,multiplicative,True,True,True,2534.0507739685636
0.01,0.01,multiplicative,True,False,False,2534.7715365229087
0.01,1.0,multiplicative,False,True,False,2535.135923027403
0.01,0.01,multiplicative,True,True,False,2535.435286642928
0.05,0.5,multiplicative,True,True,True,2536.806080475201
0.1,0.05,multiplicative,True,True,True,2539.801149264984
0.1,0.05,multiplicative,False,True,True,2543.64726210233
0.01,0.01,multiplicative,True,False,True,2547.163289231563
0.01,10.0,multiplicative,True,True,False,2547.8760454066733
0.01,0.01,multiplicative,True,True,True,2547.9661760057816
0.01,0.01,multiplicative,False,True,True,2549.8179307498854
0.01,1.0,multiplicative,True,True,False,2555.8953034227457
0.01,5.0,multiplicative,True,True,False,2559.4016778677405
0.01,1.0,multiplicative,True,False,False,2572.3557227933893
0.01,0.01,additive,False,False,True,2580.571412522345
0.1,0.1,multiplicative,True,False,True,2581.939935822773
0.01,0.01,additive,True,False,True,2584.2229529886317
0.01,10.0,additive,True,False,True,2584.509734562106
0.005,0.05,multiplicative,True,False,False,2591.5720507949327
0.01,0.01,additive,False,True,True,2594.047706750373
0.01,1.0,additive,False,False,True,2597.1109180553854
0.01,0.1,additive,False,False,True,2602.4194718514163
0.01,0.5,additive,False,False,True,2603.9515575294386
0.01,0.1,additive,False,True,True,2604.1687814959723
0.01,10.0,additive,False,True,True,2604.571507678043
0.01,0.05,additive,False,False,True,2607.6782704161506
0.01,5.0,additive,True,False,True,2607.7394836175426
0.01,0.01,additive,True,True,True,2608.4578566118857
0.005,1.0,multiplicative,True,False,False,2610.673185282793
0.01,5.0,additive,False,True,True,2610.680515259689
0.005,0.01,multiplicative,False,False,False,2610.6805338319555
0.005,0.1,multiplicative,False,False,False,2610.6805338319555
0.005,0.5,multiplicative,False,False,False,2610.6805338319555
0.005,1.0,multiplicative,False,False,False,2610.6805338319555
0.005,0.05,multiplicative,False,False,False,2610.6805338319555
0.005,5.0,multiplicative,False,False,False,2610.6805338319555
0.005,10.0,multiplicative,False,False,False,2610.6805338319555
0.01,0.5,additive,False,True,True,2612.415054071669
0.01,0.5,additive,True,False,True,2612.9485787428966
0.01,0.1,additive,True,False,True,2614.970204543038
0.005,0.05,multiplicative,False,True,False,2616.3699269569324
0.01,5.0,additive,True,True,True,2616.6857725928808
0.01,10.0,additive,False,False,True,2617.0057921068546
0.01,1.0,additive,False,True,True,2617.2945087172175
0.01,1.0,additive,True,False,True,2618.391504046717
0.01,0.05,additive,True,False,True,2618.4672101531964
0.005,0.01,multiplicative,True,True,False,2620.090614453314
0.01,10.0,additive,True,True,True,2624.3489570544375
0.01,0.05,additive,False,True,True,2624.880364976768
0.1,0.1,multiplicative,True,True,True,2625.6601934095393
0.1,0.1,multiplicative,False,False,True,2625.725615632186
0.01,1.0,additive,True,True,True,2625.98745182729
0.01,0.1,additive,True,True,True,2627.119868094018
0.005,10.0,multiplicative,True,False,False,2627.1215788445056
0.005,5.0,additive,False,True,False,2628.3928504066002
0.01,5.0,additive,False,False,True,2629.3677999740366
0.01,0.5,additive,True,True,True,2629.3696509849815
0.005,10.0,multiplicative,False,True,False,2630.744867967002
0.01,0.05,additive,True,True,True,2630.8498954030383
0.005,0.5,additive,True,False,False,2631.3815625528555
0.005,1.0,additive,False,True,False,2632.4598057978105
0.005,0.05,multiplicative,True,True,False,2633.451879938791
0.005,5.0,multiplicative,True,False,False,2634.1479849840853
0.005,5.0,additive,True,False,False,2634.480712100025
0.005,1.0,multiplicative,True,True,False,2634.8445919814308
0.005,0.01,multiplicative,True,False,False,2635.6453367066183
0.005,0.01,additive,False,True,False,2636.8190209265854
0.005,0.1,multiplicative,True,False,False,2637.5948863669882
0.005,0.1,multiplicative,True,True,False,2638.596662306194
0.005,0.5,multiplicative,True,True,False,2639.671412664943
0.005,5.0,multiplicative,True,True,False,2640.2552130937584
0.005,1.0,additive,True,False,False,2640.6135576577626
0.005,0.5,multiplicative,True,False,False,2640.6752971782976
0.005,0.5,multiplicative,False,True,False,2640.727354520484
0.005,0.01,multiplicative,False,True,True,2643.432815974338
0.005,5.0,additive,True,True,False,2644.0757184436197
0.005,10.0,additive,True,True,False,2645.893485998106
0.005,10.0,additive,False,True,False,2646.478620116655
0.005,0.01,multiplicative,False,True,False,2646.7230619041343
0.5,0.05,multiplicative,False,False,True,2647.162622534776
0.005,0.1,additive,True,False,False,2648.1181807590074
0.005,0.1,additive,True,True,False,2650.7287700546062
0.005,0.5,additive,True,True,False,2651.8915045899216
0.005,0.01,additive,True,True,False,2653.31090914509
0.005,1.0,additive,False,False,False,2653.8035508957805
0.005,0.5,additive,False,False,False,2653.8035508957805
0.005,0.1,additive,False,False,False,2653.8035508957805
0.005,5.0,additive,False,False,False,2653.8035508957805
0.005,0.05,additive,False,False,False,2653.8035508957805
0.005,10.0,additive,False,False,False,2653.8035508957805
0.005,0.01,additive,False,False,False,2653.8035508957805
0.005,0.1,multiplicative,False,True,False,2653.9810208443564
0.005,0.05,additive,True,True,False,2654.802827292776
0.005,0.05,additive,True,False,False,2655.578461320894
0.005,0.01,additive,True,False,False,2657.186507689663
0.005,0.1,additive,False,True,False,2657.856582985467
0.005,0.5,additive,False,True,False,2659.479334458578
0.005,1.0,additive,True,True,False,2659.618653957916
0.01,0.05,multiplicative,False,False,True,2662.6681707237803
0.005,5.0,multiplicative,False,True,False,2664.399499353085
0.005,10.0,multiplicative,True,True,False,2665.304300578077
0.005,1.0,multiplicative,False,True,False,2665.3752864988114
0.005,0.05,additive,False,True,False,2665.890893882005
0.005,10.0,additive,True,False,False,2667.5413343686464
0.1,0.1,multiplicative,False,True,True,2669.670827325647
0.005,0.01,multiplicative,True,True,True,2672.2484281999764
0.005,0.01,multiplicative,False,False,True,2674.037832710154
0.005,0.01,multiplicative,True,False,True,2676.8471839729423
0.5,0.05,multiplicative,False,True,True,2687.0345751285245
0.01,0.05,multiplicative,False,True,True,2699.038979768029
0.005,0.05,additive,True,False,True,2721.9409981949934
0.005,0.01,additive,True,True,True,2725.534934722707
0.005,0.1,additive,True,False,True,2729.0658743988292
0.005,0.01,additive,True,False,True,2730.65073939336
0.005,0.1,additive,True,True,True,2734.300787269981
0.1,0.5,multiplicative,False,False,True,2735.1263162333435
0.005,10.0,additive,True,False,True,2742.411318113652
0.1,10.0,multiplicative,False,False,True,2743.18827755168
0.5,0.05,multiplicative,True,False,True,2745.8700437596317
0.005,1.0,additive,True,False,True,2746.0940399117003
0.005,0.01,additive,False,True,True,2746.4583075094647
0.1,5.0,multiplicative,False,False,True,2749.1609000664585
0.005,0.01,additive,False,False,True,2750.3052222229217
0.005,5.0,additive,True,False,True,2752.2512930378766
0.005,10.0,additive,False,True,True,2755.7634021155604
0.005,0.5,additive,True,False,True,2756.183197474492
0.005,0.5,additive,True,True,True,2756.425791171819
0.005,0.05,additive,False,False,True,2757.119747001174
0.005,0.05,additive,True,True,True,2757.9291231497564
0.005,10.0,additive,False,False,True,2758.4442778460198
0.005,0.1,additive,False,False,True,2763.0576294983334
0.005,5.0,additive,False,True,True,2765.0564816612173
0.005,0.5,additive,False,True,True,2767.330816405846
0.005,0.5,additive,False,False,True,2767.7301437478445
0.005,0.1,additive,False,True,True,2768.1007025416884
0.005,1.0,additive,True,True,True,2770.6449409550714
0.005,10.0,additive,True,True,True,2770.880688180134
0.005,1.0,additive,False,False,True,2772.0232428746076
0.005,5.0,additive,False,False,True,2772.7533642684025
0.001,0.05,additive,True,True,False,2773.5608589454446
0.1,1.0,multiplicative,False,False,True,2774.8582794905974
0.5,0.05,multiplicative,True,True,True,2777.970107399873
0.005,0.05,additive,False,True,True,2782.645892374137
0.005,1.0,additive,False,True,True,2785.0538692803166
0.005,5.0,additive,True,True,True,2785.6560225103885
0.01,0.1,multiplicative,False,True,True,2816.034210391327
0.01,0.05,multiplicative,True,False,True,2818.7652627883085
0.01,0.1,multiplicative,True,False,True,2827.15518976598
0.01,0.05,multiplicative,True,True,True,2830.5750606757792
0.01,0.1,multiplicative,False,False,True,2833.53113339712
0.001,0.05,additive,True,False,False,2833.8102265497555
0.01,0.5,multiplicative,False,False,True,2835.754877196564
0.001,10.0,additive,True,False,False,2837.726806808091
0.1,1.0,multiplicative,False,True,True,2838.604137510231
0.01,5.0,multiplicative,True,True,True,2839.653410125104
0.005,0.05,multiplicative,False,True,True,2846.141076915107
0.001,0.5,additive,True,False,False,2850.8018016916744
0.01,5.0,multiplicative,False,False,True,2850.8036720785212
0.005,0.05,multiplicative,False,False,True,2852.7943609500694
0.005,5.0,multiplicative,False,False,True,2856.2297317172083
0.005,0.5,multiplicative,False,False,True,2859.881224077498
0.001,0.1,additive,True,True,False,2860.2808311696667
0.01,10.0,multiplicative,False,False,True,2865.419296459202
0.001,1.0,additive,False,False,False,2869.0644456757927
0.001,10.0,additive,False,False,False,2869.0644456757927
0.001,5.0,additive,False,False,False,2869.0644456757927
0.001,0.5,additive,False,False,False,2869.0644456757927
0.001,0.1,additive,False,False,False,2869.0644456757927
0.001,0.01,additive,False,False,False,2869.0644456757927
0.001,0.05,additive,False,False,False,2869.0644456757927
0.001,10.0,additive,True,True,False,2869.471366890441
0.005,1.0,multiplicative,False,False,True,2883.0267829041245
0.005,0.05,multiplicative,True,False,True,2886.111583516099
0.001,0.5,additive,True,True,False,2893.720966447018
0.1,0.5,multiplicative,True,False,True,2893.745292098811
0.01,1.0,multiplicative,True,True,True,2896.1759713435745
0.001,5.0,additive,True,False,False,2896.7915886828837
0.001,1.0,additive,True,False,False,2898.515724426784
0.01,5.0,multiplicative,False,True,True,2901.9924580281895
0.005,0.5,multiplicative,False,True,True,2902.15334281046
0.01,0.5,multiplicative,True,False,True,2903.5890306448146
0.005,5.0,multiplicative,False,True,True,2904.421130637849
0.1,0.5,multiplicative,False,True,True,2906.2550267245647
0.001,0.01,additive,True,True,False,2912.6842561892154
0.001,0.1,additive,True,True,True,2915.7525807514257
0.001,10.0,additive,False,True,False,2918.956792898363
0.001,5.0,additive,False,True,False,2920.562569154267
0.01,0.5,multiplicative,False,True,True,2921.8534746983464
0.001,0.05,additive,False,True,False,2923.325761112516
0.01,10.0,multiplicative,False,True,True,2923.8846381699977
0.001,0.01,additive,True,False,False,2924.412474717483
0.001,1.0,additive,False,True,False,2924.96688775148
0.001,0.5,additive,True,True,True,2925.3627815816517
0.001,0.5,additive,False,True,False,2926.8542333213004
0.5,0.1,multiplicative,False,False,True,2930.701716320506
0.005,0.1,multiplicative,False,True,True,2931.0704033454685
0.001,0.1,additive,False,True,False,2931.7472218567045
0.005,0.1,multiplicative,True,True,True,2936.9816487846365
0.005,10.0,multiplicative,False,True,True,2940.587460514106
0.01,1.0,multiplicative,False,False,True,2944.0161363379907
0.005,1.0,multiplicative,False,True,True,2950.131253975044
0.01,5.0,multiplicative,True,False,True,2952.8337576217828
0.01,0.5,multiplicative,True,True,True,2953.5792244838385
0.01,0.1,multiplicative,True,True,True,2955.312715915573
0.005,0.05,multiplicative,True,True,True,2958.957308495047
0.01,10.0,multiplicative,True,False,True,2960.2008607116986
0.001,0.5,additive,True,False,True,2960.6750820509224
0.005,10.0,multiplicative,False,False,True,2961.9311612797965
0.001,0.01,additive,False,True,False,2962.476732849581
0.001,0.1,additive,True,False,True,2966.4496612553667
0.005,0.5,multiplicative,True,False,True,2966.5511502216646
0.001,10.0,additive,True,False,True,2968.3114755424176
0.001,0.01,additive,True,False,True,2968.5232535460373
0.001,0.05,additive,True,True,True,2969.5966967587415
0.001,0.1,multiplicative,True,True,False,2976.524623532858
0.005,5.0,multiplicative,True,True,True,2976.655777251271
0.005,10.0,multiplicative,True,False,True,2977.7822659829444
0.001,0.05,additive,True,False,True,2977.9054497714774
0.01,1.0,multiplicative,False,True,True,2978.4080488115346
0.001,1.0,additive,True,True,False,2980.9136094897235
0.001,1.0,additive,True,False,True,2981.738667851699
0.001,1.0,multiplicative,True,False,False,2982.2025794563756
0.1,10.0,multiplicative,True,False,True,2982.399837096273
0.001,0.1,additive,True,False,False,2984.4509455761454
0.1,5.0,multiplicative,False,True,True,2985.7436708841024
0.001,0.5,multiplicative,True,True,False,2986.5913748631547
0.001,0.1,multiplicative,True,True,True,2987.6853821199675
0.001,0.5,multiplicative,True,False,True,2988.270716861108
0.001,5.0,additive,True,True,True,2989.501055197266
0.001,10.0,multiplicative,True,True,True,2999.2624114296777
0.001,5.0,additive,True,True,False,2999.9035400248226
0.001,5.0,multiplicative,True,False,False,3000.4870360751215
0.005,0.5,multiplicative,True,True,True,3001.404519457645
0.005,10.0,multiplicative,True,True,True,3003.3587696981836
0.1,10.0,multiplicative,False,True,True,3003.958521598948
0.005,0.1,multiplicative,False,False,True,3010.837502711245
0.5,0.1,multiplicative,False,True,True,3011.528551042704
0.001,10.0,multiplicative,True,True,False,3014.2236200766797
0.001,1.0,multiplicative,True,False,True,3015.7334592855314
0.001,0.05,additive,False,True,True,3017.9433503675414
0.001,1.0,multiplicative,True,True,False,3018.1233265100373
0.005,1.0,multiplicative,True,False,True,3018.324601647637
0.5,0.1,multiplicative,True,False,True,3018.5154483540123
0.5,0.5,multiplicative,True,False,True,3019.6655656544117
0.005,0.1,multiplicative,True,False,True,3020.651775065528
0.001,0.05,multiplicative,True,False,True,3021.7427772843284
0.001,0.5,multiplicative,True,False,False,3024.1696697786997
0.001,5.0,multiplicative,True,True,False,3025.553252630619
0.001,0.05,multiplicative,True,True,False,3025.8528735982545
0.001,1.0,multiplicative,True,True,True,3025.979175185744
0.001,0.01,multiplicative,True,True,False,3026.1260759647002
0.001,1.0,additive,True,True,True,3026.19872781302
0.001,5.0,additive,False,True,True,3026.403096424786
0.1,1.0,multiplicative,True,False,True,3028.5000617034048
0.001,10.0,additive,True,True,True,3029.4679971814676
0.001,0.5,additive,False,True,True,3038.1238187170798
0.005,5.0,multiplicative,True,False,True,3038.2023593239965
0.001,0.1,multiplicative,True,False,False,3039.5494810865434
0.001,0.1,additive,False,False,True,3040.0358207111367
0.001,0.5,multiplicative,False,True,False,3040.7841291037284
0.001,0.1,multiplicative,False,True,False,3041.7326444767073
0.1,0.5,multiplicative,True,True,True,3042.121822320924
0.001,10.0,multiplicative,False,True,False,3048.4877169077113
0.001,0.05,multiplicative,True,False,False,3049.1574682507226
0.001,5.0,multiplicative,False,True,False,3051.663189265303
0.01,1.0,multiplicative,True,False,True,3051.958346328458
0.001,1.0,multiplicative,False,True,False,3052.094261557921
0.1,1.0,multiplicative,True,True,True,3052.724481112685
0.1,5.0,multiplicative,True,False,True,3053.741053170195
0.001,0.05,multiplicative,True,True,True,3055.278305966833
0.001,0.01,multiplicative,False,False,True,3057.8183624981075
0.001,0.01,multiplicative,True,True,True,3058.885353341839
0.001,5.0,multiplicative,True,True,True,3060.9199542017673
0.001,5.0,additive,True,False,True,3061.7855423270858
0.001,0.5,additive,False,False,True,3062.676209450108
0.001,0.05,additive,False,False,True,3062.8735957679623
0.001,0.1,multiplicative,False,True,True,3063.7722438019755
0.001,1.0,multiplicative,False,True,True,3064.564762201109
0.001,0.1,additive,False,True,True,3064.6700425894305
0.001,0.05,multiplicative,False,True,True,3066.642249546962
0.5,0.5,multiplicative,True,True,True,3066.833717891534
0.001,10.0,multiplicative,False,True,True,3070.46071568515
0.001,5.0,multiplicative,True,False,True,3071.324728669877
0.01,10.0,multiplicative,True,True,True,3073.0370081851097
0.5,1.0,multiplicative,True,False,True,3074.0203250855875
0.001,0.01,additive,False,True,True,3077.1982476446346
0.001,10.0,multiplicative,True,False,False,3087.3138860364256
0.001,0.05,multiplicative,False,True,False,3087.4488544372894
0.001,1.0,additive,False,True,True,3089.454652309803
0.001,0.01,additive,False,False,True,3092.7498260442617
0.001,0.1,multiplicative,True,False,True,3094.9267640223466
0.001,0.01,additive,True,True,True,3095.5802498129005
0.001,0.01,multiplicative,True,False,False,3097.7461066422234
0.001,0.05,multiplicative,False,False,True,3098.3308572982937
0.5,0.1,multiplicative,True,True,True,3099.368134697792
0.001,0.5,multiplicative,True,True,True,3100.290608307453
0.1,5.0,multiplicative,True,True,True,3100.9561465545835
0.001,0.01,multiplicative,True,False,True,3101.5135171569586
0.001,0.01,multiplicative,False,True,True,3101.7436993893484
0.001,10.0,multiplicative,True,False,True,3103.2473123714312
0.001,10.0,additive,False,False,True,3106.018882413334
0.001,5.0,additive,False,False,True,3107.9805542424624
0.005,1.0,multiplicative,True,True,True,3111.3578377542262
0.001,0.05,multiplicative,False,False,False,3111.6467356890867
0.001,10.0,multiplicative,False,False,False,3111.6467356890867
0.001,5.0,multiplicative,False,False,False,3111.6467356890867
0.001,0.01,multiplicative,False,False,False,3111.6467356890867
0.001,1.0,multiplicative,False,False,False,3111.6467356890867
0.001,0.5,multiplicative,False,False,False,3111.6467356890867
0.001,0.1,multiplicative,False,False,False,3111.6467356890867
0.001,10.0,multiplicative,False,False,True,3112.649552491809
0.001,10.0,additive,False,True,True,3114.1925150588386
0.001,1.0,additive,False,False,True,3114.7607228177876
0.001,0.01,multiplicative,False,True,False,3118.2232342574503
0.001,5.0,multiplicative,False,True,True,3119.36848008068
0.001,0.1,multiplicative,False,False,True,3119.5728661700214
0.001,5.0,multiplicative,False,False,True,3120.1785492638146
0.001,0.5,multiplicative,False,False,True,3123.958659451217
0.001,0.5,multiplicative,False,True,True,3124.697363531887
0.001,1.0,multiplicative,False,False,True,3144.8346799317596
0.5,1.0,multiplicative,True,True,True,3146.8889197166764
0.1,10.0,multiplicative,True,True,True,3157.5643872986143
0.5,1.0,multiplicative,False,True,True,3193.9791985034835
0.5,5.0,multiplicative,False,True,True,3210.1505006859716
0.5,0.5,multiplicative,False,True,True,3226.3379948245424
0.5,10.0,multiplicative,False,True,True,3232.0973170725747
0.5,1.0,multiplicative,False,False,True,3240.9697377992456
0.5,0.5,multiplicative,False,False,True,3244.8994449672296
0.5,5.0,multiplicative,False,False,True,3250.1531635636784
0.5,10.0,multiplicative,False,False,True,3254.0932683830897
0.5,5.0,multiplicative,True,True,True,3307.6957045652875
0.5,10.0,multiplicative,True,True,True,3333.2849889873232
0.5,10.0,multiplicative,True,False,True,3534.042543037366
0.5,5.0,multiplicative,True,False,True,3534.3556260330124
