ds,is_mega_sale_day,is_payday,is_weekend,aov,promo_intensity,base_forecast,hybrid_forecast,model
2025-10-31,0,1,0,538.4313333333333,5.913666666666667,2552.877959558341,1935.0141289919347,Holt-Winters
2025-11-01,1,0,1,538.4313333333333,5.913666666666667,3060.511504464237,1370.7357476282996,Holt-Winters
2025-11-02,0,0,1,538.4313333333333,5.913666666666667,3161.4531945865133,890.1160363833883,Holt-Winters
2025-11-03,0,0,0,538.4313333333333,5.913666666666667,3181.5252030402307,2979.7851059943323,Holt-Winters
2025-11-04,0,0,0,538.4313333333333,5.913666666666667,3185.516472880057,6019.918084208182,Holt-Winters
2025-11-05,0,0,0,538.4313333333333,5.913666666666667,3186.310127135984,2533.272468444578,Holt-Winters
2025-11-06,0,0,0,538.4313333333333,5.913666666666667,3186.4679433456695,1478.725389634732,Holt-Winters
2025-11-07,0,0,0,538.4313333333333,5.913666666666667,3186.499324713379,2298.871456061035,Holt-Winters
2025-11-08,0,0,1,538.4313333333333,5.913666666666667,3186.505564821675,2629.393748415425,Holt-Winters
2025-11-09,0,0,1,538.4313333333333,5.913666666666667,3186.506805651963,3499.686981433213,Holt-Winters
2025-11-10,0,0,0,538.4313333333333,5.913666666666667,3186.5070523880345,6193.27731605991,Holt-Winters
2025-11-11,1,0,0,538.4313333333333,5.913666666666667,3186.5071014508994,6168.914816294649,Holt-Winters
2025-11-12,0,0,0,538.4313333333333,5.913666666666667,3186.5071112069304,6005.860382691306,Holt-Winters
2025-11-13,0,0,0,538.4313333333333,5.913666666666667,3186.5071131468935,3708.7541834593935,Holt-Winters
2025-11-14,0,0,0,538.4313333333333,5.913666666666667,3186.5071135326502,689.6782561107752,Holt-Winters
2025-11-15,0,1,1,538.4313333333333,5.913666666666667,3186.507113609357,2637.2088348007633,Holt-Winters
2025-11-16,0,0,1,538.4313333333333,5.913666666666667,3186.50711362461,2103.230014015235,Holt-Winters
2025-11-17,0,0,0,538.4313333333333,5.913666666666667,3186.5071136276433,4006.1638519088933,Holt-Winters
2025-11-18,0,0,0,538.4313333333333,5.913666666666667,3186.5071136282463,3829.8894378469963,Holt-Winters
2025-11-19,0,0,0,538.4313333333333,5.913666666666667,3186.5071136283664,1928.2594329643039,Holt-Winters
2025-11-20,0,0,0,538.4313333333333,5.913666666666667,3186.50711362839,0.0,Holt-Winters
2025-11-21,0,0,0,538.4313333333333,5.913666666666667,3186.5071136283946,1496.0705901908946,Holt-Winters
2025-11-22,0,0,1,538.4313333333333,5.913666666666667,3186.5071136283955,1887.321444683083,Holt-Winters
2025-11-23,0,0,1,538.4313333333333,5.913666666666667,3186.5071136283955,3491.6352569389423,Holt-Winters
2025-11-24,0,0,0,538.4313333333333,5.913666666666667,3186.5071136283955,4221.2621185112075,Holt-Winters
2025-11-25,0,0,0,538.4313333333333,5.913666666666667,3186.5071136283955,5126.1390716362075,Holt-Winters
2025-11-26,0,0,0,538.4313333333333,5.913666666666667,3186.5071136283955,4824.57278745652,Holt-Winters
2025-11-27,0,0,0,538.4313333333333,5.913666666666667,3186.5071136283955,4021.069735698708,Holt-Winters
2025-11-28,0,0,0,538.4313333333333,5.913666666666667,3186.5071136283955,6759.04104917527,Holt-Winters
2025-11-29,0,0,1,538.4313333333333,5.913666666666667,3186.5071136283955,8613.719027690895,Holt-Winters
2025-11-30,0,1,1,538.4313333333333,5.913666666666667,3186.5071136283955,4676.7157317924575,Holt-Winters
2025-12-01,0,0,0,538.4313333333333,5.913666666666667,3186.5071136283955,7841.679965190895,Holt-Winters
2025-12-02,0,0,0,538.4313333333333,5.913666666666667,3186.5071136283955,5500.75589292527,Holt-Winters
2025-12-03,0,0,0,538.4313333333333,5.913666666666667,3186.5071136283955,8448.473422222145,Holt-Winters
2025-12-04,0,0,0,538.4313333333333,5.913666666666667,3186.5071136283955,3798.762850933083,Holt-Winters
2025-12-05,0,0,0,538.4313333333333,5.913666666666667,3186.5071136283955,6205.64163511277,Holt-Winters
2025-12-06,0,0,1,538.4313333333333,5.913666666666667,3186.5071136283955,12314.788363628395,Holt-Winters
2025-12-07,0,0,1,538.4313333333333,5.913666666666667,3186.5071136283955,231.91702573777047,Holt-Winters
2025-12-08,0,0,0,538.4313333333333,5.913666666666667,3186.5071136283955,2717.797274761208,Holt-Winters
2025-12-09,0,0,0,538.4313333333333,5.913666666666667,3186.5071136283955,5176.6232024955825,Holt-Winters
2025-12-10,0,0,0,538.4313333333333,5.913666666666667,3186.5071136283955,6317.72952573777,Holt-Winters
2025-12-11,0,0,0,538.4313333333333,5.913666666666667,3186.5071136283955,7945.051547222145,Holt-Winters
2025-12-12,1,0,0,538.4313333333333,5.913666666666667,3186.5071136283955,6587.016879253395,Holt-Winters
2025-12-13,0,0,1,538.4313333333333,5.913666666666667,3186.5071136283955,6676.748324565895,Holt-Winters
2025-12-14,0,0,1,538.4313333333333,5.913666666666667,3186.5071136283955,6314.39407651902,Holt-Winters
2025-12-15,0,1,0,538.4313333333333,5.913666666666667,3186.5071136283955,5103.9325286674575,Holt-Winters
2025-12-16,0,0,0,538.4313333333333,5.913666666666667,3186.5071136283955,5325.13284605027,Holt-Winters
2025-12-17,0,0,0,538.4313333333333,5.913666666666667,3186.5071136283955,5460.82571714402,Holt-Winters
2025-12-18,0,0,0,538.4313333333333,5.913666666666667,3186.5071136283955,4133.675631694801,Holt-Winters
2025-12-19,0,0,0,538.4313333333333,5.913666666666667,3186.5071136283955,3052.0213043022236,Holt-Winters
2025-12-20,0,0,1,538.4313333333333,5.913666666666667,3186.5071136283955,1356.6111175346455,Holt-Winters
2025-12-21,0,0,1,538.4313333333333,5.913666666666667,3186.5071136283955,3255.952319316872,Holt-Winters
2025-12-22,0,0,0,538.4313333333333,5.913666666666667,3186.5071136283955,1936.6728851127705,Holt-Winters
2025-12-23,0,0,0,538.4313333333333,5.913666666666667,3186.5071136283955,0.0,Holt-Winters
2025-12-24,1,0,0,538.4313333333333,5.913666666666667,3186.5071136283955,1847.313632183083,Holt-Winters
2025-12-25,1,0,0,538.4313333333333,5.913666666666667,3186.5071136283955,0.0,Holt-Winters
2025-12-26,0,0,0,538.4313333333333,5.913666666666667,3186.5071136283955,1910.2998382377705,Holt-Winters
2025-12-27,0,0,1,538.4313333333333,5.913666666666667,3186.5071136283955,0.0,Holt-Winters
2025-12-28,0,0,1,538.4313333333333,5.913666666666667,3186.5071136283955,2460.6311370658955,Holt-Winters
2025-12-29,0,0,0,538.4313333333333,5.913666666666667,3186.5071136283955,1390.714022808083,Holt-Winters
2025-12-30,1,0,0,538.4313333333333,5.913666666666667,3186.5071136283955,1506.247470073708,Holt-Winters
2025-12-31,0,1,0,538.4313333333333,5.913666666666667,3186.5071136283955,0.0,Holt-Winters
2026-01-01,1,0,0,538.4313333333333,5.913666666666667,3186.5071136283955,3455.4578277397236,Holt-Winters
2026-01-02,0,0,0,538.4313333333333,5.913666666666667,3186.5071136283955,4337.90384214402,Holt-Winters
2026-01-03,0,0,1,538.4313333333333,5.913666666666667,3186.5071136283955,2510.6241180229267,Holt-Winters
2026-01-04,0,0,1,538.4313333333333,5.913666666666667,3186.5071136283955,428.1023284721455,Holt-Winters
2026-01-05,0,0,0,538.4313333333333,5.913666666666667,3186.5071136283955,6063.871859722145,Holt-Winters
2026-01-06,0,0,0,538.4313333333333,5.913666666666667,3186.5071136283955,3669.734316997536,Holt-Winters
2026-01-07,0,0,0,538.4313333333333,5.913666666666667,3186.5071136283955,3179.180819683083,Holt-Winters
2026-01-08,0,0,0,538.4313333333333,5.913666666666667,3186.5071136283955,4704.578402690895,Holt-Winters
2026-01-09,0,0,0,538.4313333333333,5.913666666666667,3186.5071136283955,709.8657562065205,Holt-Winters
2026-01-10,0,0,1,538.4313333333333,5.913666666666667,3186.5071136283955,2920.329775981911,Holt-Winters
2026-01-11,0,0,1,538.4313333333333,5.913666666666667,3186.5071136283955,2953.240344219216,Holt-Winters
2026-01-12,0,0,0,538.4313333333333,5.913666666666667,3186.5071136283955,7051.82132261277,Holt-Winters
2026-01-13,0,0,0,538.4313333333333,5.913666666666667,3186.5071136283955,2242.354403667458,Holt-Winters
2026-01-14,0,0,0,538.4313333333333,5.913666666666667,3186.5071136283955,379.4011565971455,Holt-Winters
2026-01-15,0,1,0,538.4313333333333,5.913666666666667,3186.5071136283955,3111.953738384255,Holt-Winters
2026-01-16,0,0,0,538.4313333333333,5.913666666666667,3186.5071136283955,3104.311350994118,Holt-Winters
2026-01-17,0,0,1,538.4313333333333,5.913666666666667,3186.5071136283955,2439.709872417458,Holt-Winters
2026-01-18,0,0,1,538.4313333333333,5.913666666666667,3186.5071136283955,1425.0666839408955,Holt-Winters
2026-01-19,0,0,0,538.4313333333333,5.913666666666667,3186.5071136283955,2175.0395843315205,Holt-Winters
2026-01-20,0,0,0,538.4313333333333,5.913666666666667,3186.5071136283955,904.6919280815205,Holt-Winters
2026-01-21,0,0,0,538.4313333333333,5.913666666666667,3186.5071136283955,3009.887316875466,Holt-Winters
2026-01-22,0,0,0,538.4313333333333,5.913666666666667,3186.5071136283955,3929.7822601127705,Holt-Winters
2026-01-23,0,0,0,538.4313333333333,5.913666666666667,3186.5071136283955,982.4111663627705,Holt-Winters
2026-01-24,0,0,1,538.4313333333333,5.913666666666667,3186.5071136283955,2656.196749858864,Holt-Winters
2026-01-25,0,0,1,538.4313333333333,5.913666666666667,3186.5071136283955,2558.3489105033955,Holt-Winters
2026-01-26,0,0,0,538.4313333333333,5.913666666666667,3186.5071136283955,3505.048281841286,Holt-Winters
2026-01-27,0,0,0,538.4313333333333,5.913666666666667,3186.5071136283955,4177.40970151902,Holt-Winters
2026-01-28,0,0,0,538.4313333333333,5.913666666666667,3186.5071136283955,2635.181124858864,Holt-Winters
2026-01-29,0,0,0,538.4313333333333,5.913666666666667,3186.5071136283955,4006.1634246635517,Holt-Winters
2026-01-30,0,0,0,538.4313333333333,5.913666666666667,3186.5071136283955,5414.425082378395,Holt-Winters
2026-01-31,0,1,1,538.4313333333333,5.913666666666667,3186.5071136283955,1635.2881194877705,Holt-Winters
2026-02-01,0,0,1,538.4313333333333,5.913666666666667,3186.5071136283955,4777.00638120652,Holt-Winters
2026-02-02,1,0,0,538.4313333333333,5.913666666666667,3186.5071136283955,5062.81009214402,Holt-Winters
2026-02-03,0,0,0,538.4313333333333,5.913666666666667,3186.5071136283955,5130.4164153862075,Holt-Winters
2026-02-04,0,0,0,538.4313333333333,5.913666666666667,3186.5071136283955,6199.26175230027,Holt-Winters
2026-02-05,0,0,0,538.4313333333333,5.913666666666667,3186.5071136283955,2452.9466277885517,Holt-Winters
2026-02-06,0,0,0,538.4313333333333,5.913666666666667,3186.5071136283955,2732.216250591286,Holt-Winters
2026-02-07,0,0,1,538.4313333333333,5.913666666666667,3186.5071136283955,2279.160556011208,Holt-Winters
2026-02-08,0,0,1,538.4313333333333,5.913666666666667,3186.5071136283955,1465.3264495658955,Holt-Winters
2026-02-09,0,0,0,538.4313333333333,5.913666666666667,3186.5071136283955,1514.503085308083,Holt-Winters
2026-02-10,0,0,0,538.4313333333333,5.913666666666667,3186.5071136283955,1956.6877776908955,Holt-Winters
2026-02-11,0,0,0,538.4313333333333,5.913666666666667,3186.5071136283955,2307.607638530739,Holt-Winters
2026-02-12,0,0,0,538.4313333333333,5.913666666666667,3186.5071136283955,1331.117343120583,Holt-Winters
2026-02-13,0,0,0,538.4313333333333,5.913666666666667,3186.5071136283955,2153.7314788627705,Holt-Winters
2026-02-14,1,0,1,538.4313333333333,5.913666666666667,3186.5071136283955,1611.125643901833,Holt-Winters
2026-02-15,0,1,1,538.4313333333333,5.913666666666667,3186.5071136283955,658.4314300346455,Holt-Winters
2026-02-16,0,0,0,538.4313333333333,5.913666666666667,3186.5071136283955,3373.190402202614,Holt-Winters
2026-02-17,0,0,0,538.4313333333333,5.913666666666667,3186.5071136283955,6976.91897886277,Holt-Winters
2026-02-18,0,0,0,538.4313333333333,5.913666666666667,3186.5071136283955,3754.526766948708,Holt-Winters
2026-02-19,0,0,0,538.4313333333333,5.913666666666667,3186.5071136283955,4865.6102630424575,Holt-Winters
2026-02-20,0,0,0,538.4313333333333,5.913666666666667,3186.5071136283955,7073.86087339402,Holt-Winters
2026-02-21,0,0,1,538.4313333333333,5.913666666666667,3186.5071136283955,0.0,Holt-Winters
2026-02-22,0,0,1,538.4313333333333,5.913666666666667,3186.5071136283955,597.9182464408955,Holt-Winters
2026-02-23,0,0,0,538.4313333333333,5.913666666666667,3186.5071136283955,2013.4587737846455,Holt-Winters
2026-02-24,0,0,0,538.4313333333333,5.913666666666667,3186.5071136283955,5889.964633159645,Holt-Winters
2026-02-25,0,0,0,538.4313333333333,5.913666666666667,3186.5071136283955,0.0,Holt-Winters
2026-02-26,0,0,0,538.4313333333333,5.913666666666667,3186.5071136283955,1220.572177104958,Holt-Winters
2026-02-27,0,0,0,538.4313333333333,5.913666666666667,3186.5071136283955,1858.7556487846455,Holt-Winters
2026-02-28,0,1,1,538.4313333333333,5.913666666666667,3186.5071136283955,1444.165438823708,Holt-Winters
2026-03-01,0,0,1,538.4313333333333,5.913666666666667,3186.5071136283955,80.54324644089547,Holt-Winters
2026-03-02,0,0,0,538.4313333333333,5.913666666666667,3186.5071136283955,1958.3855315971455,Holt-Winters
2026-03-03,1,0,0,538.4313333333333,5.913666666666667,3186.5071136283955,5444.43362730027,Holt-Winters
2026-03-04,0,0,0,538.4313333333333,5.913666666666667,3186.5071136283955,3211.4309360313496,Holt-Winters
2026-03-05,0,0,0,538.4313333333333,5.913666666666667,3186.5071136283955,4950.4281341362075,Holt-Winters
2026-03-06,0,0,0,538.4313333333333,5.913666666666667,3186.5071136283955,1003.1687347221455,Holt-Winters
2026-03-07,0,0,1,538.4313333333333,5.913666666666667,3186.5071136283955,3493.2674285698017,Holt-Winters
2026-03-08,0,0,1,538.4313333333333,5.913666666666667,3186.5071136283955,4435.5123626518325,Holt-Winters
2026-03-09,0,0,0,538.4313333333333,5.913666666666667,3186.5071136283955,4118.963961772926,Holt-Winters
2026-03-10,0,0,0,538.4313333333333,5.913666666666667,3186.5071136283955,5112.75979917527,Holt-Winters
2026-03-11,0,0,0,538.4313333333333,5.913666666666667,3186.5071136283955,2683.4104949760517,Holt-Winters
2026-03-12,0,0,0,538.4313333333333,5.913666666666667,3186.5071136283955,1874.2331878471455,Holt-Winters
2026-03-13,0,0,0,538.4313333333333,5.913666666666667,3186.5071136283955,1337.135897808083,Holt-Winters
2026-03-14,0,0,1,538.4313333333333,5.913666666666667,3186.5071136283955,2764.8318206596455,Holt-Winters
2026-03-15,0,1,1,538.4313333333333,5.913666666666667,3186.5071136283955,2181.4844695854267,Holt-Winters
2026-03-16,0,0,0,538.4313333333333,5.913666666666667,3186.5071136283955,2805.3457366752705,Holt-Winters
2026-03-17,0,0,0,538.4313333333333,5.913666666666667,3186.5071136283955,5208.0455657768325,Holt-Winters
2026-03-18,0,0,0,538.4313333333333,5.913666666666667,3186.5071136283955,3206.144406490334,Holt-Winters
2026-03-19,0,0,0,538.4313333333333,5.913666666666667,3186.5071136283955,4094.583407573708,Holt-Winters
2026-03-20,0,0,0,538.4313333333333,5.913666666666667,3186.5071136283955,3363.557543926247,Holt-Winters
2026-03-21,0,0,1,538.4313333333333,5.913666666666667,3186.5071136283955,2656.944064311989,Holt-Winters
2026-03-22,0,0,1,538.4313333333333,5.913666666666667,3186.5071136283955,2652.6225921440205,Holt-Winters
2026-03-23,0,0,0,538.4313333333333,5.913666666666667,3186.5071136283955,6835.46243589402,Holt-Winters
2026-03-24,0,0,0,538.4313333333333,5.913666666666667,3186.5071136283955,2643.1758758354267,Holt-Winters
2026-03-25,0,0,0,538.4313333333333,5.913666666666667,3186.5071136283955,5356.63431089402,Holt-Winters
2026-03-26,0,0,0,538.4313333333333,5.913666666666667,3186.5071136283955,3368.6399719047627,Holt-Winters
2026-03-27,0,0,0,538.4313333333333,5.913666666666667,3186.5071136283955,2774.7656585502705,Holt-Winters
2026-03-28,0,0,1,538.4313333333333,5.913666666666667,3186.5071136283955,4272.5379974174575,Holt-Winters
2026-03-29,0,0,1,538.4313333333333,5.913666666666667,3186.5071136283955,2723.3996612358173,Holt-Winters
2026-03-30,0,0,0,538.4313333333333,5.913666666666667,3186.5071136283955,4905.4420501518325,Holt-Winters
2026-03-31,0,1,0,538.4313333333333,5.913666666666667,3186.5071136283955,2838.7211944389423,Holt-Winters
2026-04-01,0,0,0,538.4313333333333,5.913666666666667,3186.5071136283955,3817.4585296440205,Holt-Winters
2026-04-02,0,0,0,538.4313333333333,5.913666666666667,3186.5071136283955,1613.5903655815205,Holt-Winters
2026-04-03,0,0,0,538.4313333333333,5.913666666666667,3186.5071136283955,2914.598330669411,Holt-Winters
2026-04-04,1,0,1,538.4313333333333,5.913666666666667,3186.5071136283955,3026.098574810036,Holt-Winters
2026-04-05,0,0,1,538.4313333333333,5.913666666666667,3186.5071136283955,1004.2036468315205,Holt-Winters
2026-04-06,0,0,0,538.4313333333333,5.913666666666667,3186.5071136283955,2291.3179046440205,Holt-Winters
2026-04-07,0,0,0,538.4313333333333,5.913666666666667,3186.5071136283955,4348.2555267143325,Holt-Winters
2026-04-08,0,0,0,538.4313333333333,5.913666666666667,3186.5071136283955,2682.7532378959736,Holt-Winters
2026-04-09,0,0,0,538.4313333333333,5.913666666666667,3186.5071136283955,2714.0080901908955,Holt-Winters
2026-04-10,0,0,0,538.4313333333333,5.913666666666667,3186.5071136283955,2486.0047332573017,Holt-Winters
2026-04-11,0,0,1,538.4313333333333,5.913666666666667,3186.5071136283955,2093.9658538627705,Holt-Winters
2026-04-12,0,0,1,538.4313333333333,5.913666666666667,3186.5071136283955,143.67190855027047,Holt-Winters
2026-04-13,0,0,0,538.4313333333333,5.913666666666667,3186.5071136283955,3077.000559978493,Holt-Winters
2026-04-14,0,0,0,538.4313333333333,5.913666666666667,3186.5071136283955,3874.9446136283955,Holt-Winters
2026-04-15,0,1,0,538.4313333333333,5.913666666666667,3186.5071136283955,1030.2168304252705,Holt-Winters
2026-04-16,0,0,0,538.4313333333333,5.913666666666667,3186.5071136283955,1843.6116058158955,Holt-Winters
2026-04-17,0,0,0,538.4313333333333,5.913666666666667,3186.5071136283955,2052.5801116752705,Holt-Winters
2026-04-18,0,0,1,538.4313333333333,5.913666666666667,3186.5071136283955,2780.606875591286,Holt-Winters
2026-04-19,0,0,1,538.4313333333333,5.913666666666667,3186.5071136283955,1980.8323089408955,Holt-Winters
2026-04-20,0,0,0,538.4313333333333,5.913666666666667,3186.5071136283955,3556.498507671364,Holt-Winters
2026-04-21,0,0,0,538.4313333333333,5.913666666666667,3186.5071136283955,3696.264865093239,Holt-Winters
2026-04-22,0,0,0,538.4313333333333,5.913666666666667,3186.5071136283955,1245.901766948708,Holt-Winters
2026-04-23,0,0,0,538.4313333333333,5.913666666666667,3186.5071136283955,3054.7602416801533,Holt-Winters
2026-04-24,0,0,0,538.4313333333333,5.913666666666667,3186.5071136283955,1470.8044769096455,Holt-Winters
2026-04-25,0,0,1,538.4313333333333,5.913666666666667,3186.5071136283955,2913.074832134255,Holt-Winters
2026-04-26,0,0,1,538.4313333333333,5.913666666666667,3186.5071136283955,1967.456698589333,Holt-Winters
2026-04-27,0,0,0,538.4313333333333,5.913666666666667,3186.5071136283955,5059.374789409645,Holt-Winters
2026-04-28,0,0,0,538.4313333333333,5.913666666666667,3186.5071136283955,5029.839633159645,Holt-Winters
2026-04-29,0,0,0,538.4313333333333,5.913666666666667,3186.5071136283955,2972.178881816872,Holt-Winters
2026-04-30,0,1,0,538.4313333333333,5.913666666666667,3186.5071136283955,4632.698031597145,Holt-Winters
2026-05-01,1,0,0,538.4313333333333,5.913666666666667,3186.5071136283955,1426.868075542458,Holt-Winters
2026-05-02,0,0,1,538.4313333333333,5.913666666666667,3186.5071136283955,2031.115634136208,Holt-Winters
2026-05-03,0,0,1,538.4313333333333,5.913666666666667,3186.5071136283955,3109.902842693337,Holt-Winters
2026-05-04,0,0,0,538.4313333333333,5.913666666666667,3186.5071136283955,4570.466586284645,Holt-Winters
2026-05-05,1,0,0,538.4313333333333,5.913666666666667,3186.5071136283955,3195.8592483329853,Holt-Winters
2026-05-06,0,0,0,538.4313333333333,5.913666666666667,3186.5071136283955,3314.073687725075,Holt-Winters
2026-05-07,0,0,0,538.4313333333333,5.913666666666667,3186.5071136283955,2447.9245940971455,Holt-Winters
2026-05-08,0,0,0,538.4313333333333,5.913666666666667,3186.5071136283955,2123.0325042533955,Holt-Winters
2026-05-09,0,0,1,538.4313333333333,5.913666666666667,3186.5071136283955,2213.3555023002705,Holt-Winters
2026-05-10,0,0,1,538.4313333333333,5.913666666666667,3186.5071136283955,3036.9853393364033,Holt-Winters
2026-05-11,0,0,0,538.4313333333333,5.913666666666667,3186.5071136283955,6884.662875347145,Holt-Winters
2026-05-12,0,0,0,538.4313333333333,5.913666666666667,3186.5071136283955,2633.3406097221455,Holt-Winters
2026-05-13,0,0,0,538.4313333333333,5.913666666666667,3186.5071136283955,3804.0964690971455,Holt-Winters
2026-05-14,0,0,0,538.4313333333333,5.913666666666667,3186.5071136283955,791.0730315971455,Holt-Winters
2026-05-15,0,1,0,538.4313333333333,5.913666666666667,3186.5071136283955,2867.7329131889423,Holt-Winters
2026-05-16,0,0,1,538.4313333333333,5.913666666666667,3186.5071136283955,1367.4695159721455,Holt-Winters
2026-05-17,0,0,1,538.4313333333333,5.913666666666667,3186.5071136283955,3683.6411468315205,Holt-Winters
2026-05-18,0,0,0,538.4313333333333,5.913666666666667,3186.5071136283955,3174.562110118874,Holt-Winters
2026-05-19,0,0,0,538.4313333333333,5.913666666666667,3186.5071136283955,3373.855822734841,Holt-Winters
2026-05-20,0,0,0,538.4313333333333,5.913666666666667,3186.5071136283955,1709.6279632377705,Holt-Winters
2026-05-21,0,0,0,538.4313333333333,5.913666666666667,3186.5071136283955,3956.566622905739,Holt-Winters
2026-05-22,0,0,0,538.4313333333333,5.913666666666667,3186.5071136283955,3324.6289398002705,Holt-Winters
2026-05-23,0,0,1,538.4313333333333,5.913666666666667,3186.5071136283955,2823.5061675834736,Holt-Winters
2026-05-24,0,0,1,538.4313333333333,5.913666666666667,3186.5071136283955,1693.7668792533955,Holt-Winters
2026-05-25,0,0,0,538.4313333333333,5.913666666666667,3186.5071136283955,6433.82425230027,Holt-Winters
2026-05-26,0,0,0,538.4313333333333,5.913666666666667,3186.5071136283955,2306.380038433083,Holt-Winters
2026-05-27,0,0,0,538.4313333333333,5.913666666666667,3186.5071136283955,3843.984042339333,Holt-Winters
2026-05-28,0,0,0,538.4313333333333,5.913666666666667,3186.5071136283955,747.1706878471455,Holt-Winters
2026-05-29,0,0,0,538.4313333333333,5.913666666666667,3186.5071136283955,1682.310702495583,Holt-Winters
2026-05-30,0,0,1,538.4313333333333,5.913666666666667,3186.5071136283955,6130.75149839402,Holt-Winters
2026-05-31,0,1,1,538.4313333333333,5.913666666666667,3186.5071136283955,1296.3640472221455,Holt-Winters
2026-06-01,0,0,0,538.4313333333333,5.913666666666667,3186.5071136283955,4949.7613860893325,Holt-Winters
2026-06-02,0,0,0,538.4313333333333,5.913666666666667,3186.5071136283955,3442.6468231010517,Holt-Winters
2026-06-03,0,0,0,538.4313333333333,5.913666666666667,3186.5071136283955,1912.8005706596455,Holt-Winters
2026-06-04,0,0,0,538.4313333333333,5.913666666666667,3186.5071136283955,2363.3252898979267,Holt-Winters
2026-06-05,0,0,0,538.4313333333333,5.913666666666667,3186.5071136283955,3969.6563445854267,Holt-Winters
2026-06-06,1,0,1,538.4313333333333,5.913666666666667,3186.5071136283955,3573.01452939988,Holt-Winters
2026-06-07,0,0,1,538.4313333333333,5.913666666666667,3186.5071136283955,4380.4386321830825,Holt-Winters
2026-06-08,0,0,0,538.4313333333333,5.913666666666667,3186.5071136283955,3304.239573650368,Holt-Winters
2026-06-09,0,0,0,538.4313333333333,5.913666666666667,3186.5071136283955,6224.183383159645,Holt-Winters
2026-06-10,0,0,0,538.4313333333333,5.913666666666667,3186.5071136283955,3159.500746898659,Holt-Winters
2026-06-11,0,0,0,538.4313333333333,5.913666666666667,3186.5071136283955,3969.328524761208,Holt-Winters
2026-06-12,1,0,0,538.4313333333333,5.913666666666667,3186.5071136283955,5623.68606870652,Holt-Winters
2026-06-13,0,0,1,538.4313333333333,5.913666666666667,3186.5071136283955,5296.19534605027,Holt-Winters
2026-06-14,0,0,1,538.4313333333333,5.913666666666667,3186.5071136283955,292.8576995658955,Holt-Winters
2026-06-15,0,1,0,538.4313333333333,5.913666666666667,3186.5071136283955,3386.9763366508564,Holt-Winters
2026-06-16,0,0,0,538.4313333333333,5.913666666666667,3186.5071136283955,4090.660800151833,Holt-Winters
2026-06-17,0,0,0,538.4313333333333,5.913666666666667,3186.5071136283955,1712.8769866752705,Holt-Winters
2026-06-18,0,0,0,538.4313333333333,5.913666666666667,3186.5071136283955,2583.3753387260517,Holt-Winters
2026-06-19,0,0,0,538.4313333333333,5.913666666666667,3186.5071136283955,2495.5906707573017,Holt-Winters
2026-06-20,0,0,1,538.4313333333333,5.913666666666667,3186.5071136283955,1083.9826995658955,Holt-Winters
2026-06-21,0,0,1,538.4313333333333,5.913666666666667,3186.5071136283955,2684.5032073783955,Holt-Winters
2026-06-22,0,0,0,538.4313333333333,5.913666666666667,3186.5071136283955,4463.9203216362075,Holt-Winters
2026-06-23,0,0,0,538.4313333333333,5.913666666666667,3186.5071136283955,3723.981600933083,Holt-Winters
2026-06-24,0,0,0,538.4313333333333,5.913666666666667,3186.5071136283955,1880.7925140190205,Holt-Winters
2026-06-25,0,0,0,538.4313333333333,5.913666666666667,3186.5071136283955,1752.6421233940205,Holt-Winters
2026-06-26,0,0,0,538.4313333333333,5.913666666666667,3186.5071136283955,2237.3479339408955,Holt-Winters
2026-06-27,0,0,1,538.4313333333333,5.913666666666667,3186.5071136283955,2073.0244476127705,Holt-Winters
2026-06-28,0,0,1,538.4313333333333,5.913666666666667,3186.5071136283955,1729.3323089408955,Holt-Winters
2026-06-29,0,0,0,538.4313333333333,5.913666666666667,3186.5071136283955,1882.187655620583,Holt-Winters
2026-06-30,0,1,0,538.4313333333333,5.913666666666667,3186.5071136283955,2687.2264129448017,Holt-Winters
2026-07-01,0,0,0,538.4313333333333,5.913666666666667,3186.5071136283955,2150.142001323708,Holt-Winters
2026-07-02,0,0,0,538.4313333333333,5.913666666666667,3186.5071136283955,2373.533419780739,Holt-Winters
2026-07-03,0,0,0,538.4313333333333,5.913666666666667,3186.5071136283955,2098.326571636208,Holt-Winters
2026-07-04,0,0,1,538.4313333333333,5.913666666666667,3186.5071136283955,2140.6582366752705,Holt-Winters
2026-07-05,0,0,1,538.4313333333333,5.913666666666667,3186.5071136283955,2263.631503276833,Holt-Winters
2026-07-06,0,0,0,538.4313333333333,5.913666666666667,3186.5071136283955,4323.7633392143325,Holt-Winters
2026-07-07,1,0,0,538.4313333333333,5.913666666666667,3186.5071136283955,4160.751437358864,Holt-Winters
2026-07-08,0,0,0,538.4313333333333,5.913666666666667,3186.5071136283955,3358.9204589653095,Holt-Winters
2026-07-09,0,0,0,538.4313333333333,5.913666666666667,3186.5071136283955,3725.993136577614,Holt-Winters
2026-07-10,0,0,0,538.4313333333333,5.913666666666667,3186.5071136283955,2319.752658061989,Holt-Winters
2026-07-11,0,0,1,538.4313333333333,5.913666666666667,3186.5071136283955,2227.9012176323017,Holt-Winters
2026-07-12,0,0,1,538.4313333333333,5.913666666666667,3186.5071136283955,2957.7199889946064,Holt-Winters
2026-07-13,0,0,0,538.4313333333333,5.913666666666667,3186.5071136283955,7963.467074565895,Holt-Winters
2026-07-14,0,0,0,538.4313333333333,5.913666666666667,3186.5071136283955,9108.083773784645,Holt-Winters
2026-07-15,0,1,0,538.4313333333333,5.913666666666667,3186.5071136283955,2216.5921356010517,Holt-Winters
2026-07-16,0,0,0,538.4313333333333,5.913666666666667,3186.5071136283955,3557.9971648979267,Holt-Winters
2026-07-17,0,0,0,538.4313333333333,5.913666666666667,3186.5071136283955,1020.0928069877705,Holt-Winters
2026-07-18,0,0,1,538.4313333333333,5.913666666666667,3186.5071136283955,1299.9704925346455,Holt-Winters
2026-07-19,0,0,1,538.4313333333333,5.913666666666667,3186.5071136283955,2339.7447234916767,Holt-Winters
2026-07-20,0,0,0,538.4313333333333,5.913666666666667,3186.5071136283955,5668.33597105027,Holt-Winters
2026-07-21,0,0,0,538.4313333333333,5.913666666666667,3186.5071136283955,1272.2351409721455,Holt-Winters
2026-07-22,0,0,0,538.4313333333333,5.913666666666667,3186.5071136283955,4371.3592864799575,Holt-Winters
2026-07-23,0,0,0,538.4313333333333,5.913666666666667,3186.5071136283955,2028.133700542458,Holt-Winters
2026-07-24,0,0,0,538.4313333333333,5.913666666666667,3186.5071136283955,2837.1924773979267,Holt-Winters
2026-07-25,0,0,1,538.4313333333333,5.913666666666667,3186.5071136283955,2791.0215484428486,Holt-Winters
2026-07-26,0,0,1,538.4313333333333,5.913666666666667,3186.5071136283955,2686.770419292458,Holt-Winters
2026-07-27,0,0,0,538.4313333333333,5.913666666666667,3186.5071136283955,6129.331332378395,Holt-Winters
2026-07-28,0,0,0,538.4313333333333,5.913666666666667,3186.5071136283955,2503.8139983940205,Holt-Winters
2026-07-29,0,0,0,538.4313333333333,5.913666666666667,3186.5071136283955,2993.092227153786,Holt-Winters
2026-07-30,0,0,0,538.4313333333333,5.913666666666667,3186.5071136283955,5387.372836284645,Holt-Winters
2026-07-31,0,1,0,538.4313333333333,5.913666666666667,3186.5071136283955,2508.965731792458,Holt-Winters
2026-08-01,0,0,1,538.4313333333333,5.913666666666667,3186.5071136283955,1663.5232269096455,Holt-Winters
2026-08-02,0,0,1,538.4313333333333,5.913666666666667,3186.5071136283955,4684.322055034645,Holt-Winters
2026-08-03,0,0,0,538.4313333333333,5.913666666666667,3186.5071136283955,5256.18411558152,Holt-Winters
2026-08-04,0,0,0,538.4313333333333,5.913666666666667,3186.5071136283955,3091.021380596169,Holt-Winters
2026-08-05,0,0,0,538.4313333333333,5.913666666666667,3186.5071136283955,5477.718539409645,Holt-Winters
2026-08-06,0,0,0,538.4313333333333,5.913666666666667,3186.5071136283955,3296.964770488747,Holt-Winters
2026-08-07,0,0,0,538.4313333333333,5.913666666666667,3186.5071136283955,3118.6220733451923,Holt-Winters
2026-08-08,1,0,1,538.4313333333333,5.913666666666667,3186.5071136283955,9720.231723003395,Holt-Winters
2026-08-09,0,0,1,538.4313333333333,5.913666666666667,3186.5071136283955,9835.569125347145,Holt-Winters
2026-08-10,0,0,0,538.4313333333333,5.913666666666667,3186.5071136283955,8153.202426128395,Holt-Winters
2026-08-11,0,0,0,538.4313333333333,5.913666666666667,3186.5071136283955,7747.345980815895,Holt-Winters
2026-08-12,0,0,0,538.4313333333333,5.913666666666667,3186.5071136283955,9685.071566753395,Holt-Winters
2026-08-13,0,0,0,538.4313333333333,5.913666666666667,3186.5071136283955,5251.448031597145,Holt-Winters
2026-08-14,0,0,0,538.4313333333333,5.913666666666667,3186.5071136283955,1196.2102386283955,Holt-Winters
2026-08-15,0,1,1,538.4313333333333,5.913666666666667,3186.5071136283955,1856.8242523002705,Holt-Winters
2026-08-16,0,0,1,538.4313333333333,5.913666666666667,3186.5071136283955,3758.8569671440205,Holt-Winters
2026-08-17,0,0,0,538.4313333333333,5.913666666666667,3186.5071136283955,5209.3885833549575,Holt-Winters
2026-08-18,0,0,0,538.4313333333333,5.913666666666667,3186.5071136283955,3521.4783050346455,Holt-Winters
2026-08-19,0,0,0,538.4313333333333,5.913666666666667,3186.5071136283955,327.3933440971455,Holt-Winters
2026-08-20,0,0,0,538.4313333333333,5.913666666666667,3186.5071136283955,3429.585421733864,Holt-Winters
2026-08-21,1,0,0,538.4313333333333,5.913666666666667,3186.5071136283955,0.0,Holt-Winters
2026-08-22,0,0,1,538.4313333333333,5.913666666666667,3186.5071136283955,1524.7666351127705,Holt-Winters
2026-08-23,0,0,1,538.4313333333333,5.913666666666667,3186.5071136283955,3402.804110698708,Holt-Winters
2026-08-24,0,0,0,538.4313333333333,5.913666666666667,3186.5071136283955,4451.59720151902,Holt-Winters
2026-08-25,0,0,0,538.4313333333333,5.913666666666667,3186.5071136283955,2461.5994598198017,Holt-Winters
2026-08-26,0,0,0,538.4313333333333,5.913666666666667,3186.5071136283955,2531.7397796440205,Holt-Winters
2026-08-27,0,0,0,538.4313333333333,5.913666666666667,3186.5071136283955,1715.5688812065205,Holt-Winters
2026-08-28,0,0,0,538.4313333333333,5.913666666666667,3186.5071136283955,2857.329562358864,Holt-Winters
2026-08-29,0,0,1,538.4313333333333,5.913666666666667,3186.5071136283955,3089.1049453544697,Holt-Winters
2026-08-30,0,0,1,538.4313333333333,5.913666666666667,3186.5071136283955,962.1260101127705,Holt-Winters
2026-08-31,0,1,0,538.4313333333333,5.913666666666667,3186.5071136283955,2692.326388530739,Holt-Winters
2026-09-01,0,0,0,538.4313333333333,5.913666666666667,3186.5071136283955,4782.406039409645,Holt-Winters
2026-09-02,0,0,0,538.4313333333333,5.913666666666667,3186.5071136283955,4632.0411712455825,Holt-Winters
2026-09-03,0,0,0,538.4313333333333,5.913666666666667,3186.5071136283955,1830.008212261208,Holt-Winters
2026-09-04,0,0,0,538.4313333333333,5.913666666666667,3186.5071136283955,4534.8360931205825,Holt-Winters
2026-09-05,0,0,1,538.4313333333333,5.913666666666667,3186.5071136283955,1383.718661479958,Holt-Winters
2026-09-06,0,0,1,538.4313333333333,5.913666666666667,3186.5071136283955,7481.826937847145,Holt-Winters
2026-09-07,0,0,0,538.4313333333333,5.913666666666667,3186.5071136283955,20984.276644878395,Holt-Winters
2026-09-08,0,0,0,538.4313333333333,5.913666666666667,3186.5071136283955,1840.648837261208,Holt-Winters
2026-09-09,1,0,0,538.4313333333333,5.913666666666667,3186.5071136283955,3527.2876617240986,Holt-Winters
2026-09-10,0,0,0,538.4313333333333,5.913666666666667,3186.5071136283955,4962.4764739799575,Holt-Winters
2026-09-11,0,0,0,538.4313333333333,5.913666666666667,3186.5071136283955,4466.2633392143325,Holt-Winters
2026-09-12,0,0,1,538.4313333333333,5.913666666666667,3186.5071136283955,2235.2226898002705,Holt-Winters
2026-09-13,0,0,1,538.4313333333333,5.913666666666667,3186.5071136283955,1000.5542327690205,Holt-Winters
2026-09-14,0,0,0,538.4313333333333,5.913666666666667,3186.5071136283955,6474.484652690895,Holt-Winters
2026-09-15,0,1,0,538.4313333333333,5.913666666666667,3186.5071136283955,3948.2888519096455,Holt-Winters
2026-09-16,0,0,0,538.4313333333333,5.913666666666667,3186.5071136283955,2628.129367046364,Holt-Winters
2026-09-17,0,0,0,538.4313333333333,5.913666666666667,3186.5071136283955,1958.3135101127705,Holt-Winters
2026-09-18,0,0,0,538.4313333333333,5.913666666666667,3186.5071136283955,1455.8567230033955,Holt-Winters
2026-09-19,0,0,1,538.4313333333333,5.913666666666667,3186.5071136283955,1153.3364593315205,Holt-Winters
2026-09-20,0,0,1,538.4313333333333,5.913666666666667,3186.5071136283955,2291.6526824760517,Holt-Winters
2026-09-21,0,0,0,538.4313333333333,5.913666666666667,3186.5071136283955,3447.592684917458,Holt-Winters
2026-09-22,0,0,0,538.4313333333333,5.913666666666667,3186.5071136283955,2010.439608745583,Holt-Winters
2026-09-23,0,0,0,538.4313333333333,5.913666666666667,3186.5071136283955,2129.0483733940205,Holt-Winters
2026-09-24,0,0,0,538.4313333333333,5.913666666666667,3186.5071136283955,1311.752108745583,Holt-Winters
2026-09-25,0,0,0,538.4313333333333,5.913666666666667,3186.5071136283955,3323.704226665505,Holt-Winters
2026-09-26,0,0,1,538.4313333333333,5.913666666666667,3186.5071136283955,848.3628265190205,Holt-Winters
2026-09-27,0,0,1,538.4313333333333,5.913666666666667,3186.5071136283955,1861.941317729958,Holt-Winters
2026-09-28,0,0,0,538.4313333333333,5.913666666666667,3186.5071136283955,3549.5236846733173,Holt-Winters
2026-09-29,0,0,0,538.4313333333333,5.913666666666667,3186.5071136283955,2329.0225555229267,Holt-Winters
2026-09-30,0,1,0,538.4313333333333,5.913666666666667,3186.5071136283955,1706.644686870583,Holt-Winters
2026-10-01,0,0,0,538.4313333333333,5.913666666666667,3186.5071136283955,1662.6889983940205,Holt-Winters
2026-10-02,0,0,0,538.4313333333333,5.913666666666667,3186.5071136283955,3638.444033794411,Holt-Winters
2026-10-03,0,0,1,538.4313333333333,5.913666666666667,3186.5071136283955,65.22854917527047,Holt-Winters
2026-10-04,0,0,1,538.4313333333333,5.913666666666667,3186.5071136283955,0.0,Holt-Winters
2026-10-05,0,0,0,538.4313333333333,5.913666666666667,3186.5071136283955,6603.71683042527,Holt-Winters
2026-10-06,0,0,0,538.4313333333333,5.913666666666667,3186.5071136283955,2602.9566375541767,Holt-Winters
2026-10-07,0,0,0,538.4313333333333,5.913666666666667,3186.5071136283955,4994.22806089402,Holt-Winters
2026-10-08,0,0,0,538.4313333333333,5.913666666666667,3186.5071136283955,3158.1568118858418,Holt-Winters
2026-10-09,0,0,0,538.4313333333333,5.913666666666667,3186.5071136283955,2085.344393901833,Holt-Winters
2026-10-10,1,0,1,538.4313333333333,5.913666666666667,3186.5071136283955,2934.071398906716,Holt-Winters
2026-10-11,0,0,1,538.4313333333333,5.913666666666667,3186.5071136283955,2125.986239604958,Holt-Winters
2026-10-12,0,0,0,538.4313333333333,5.913666666666667,3186.5071136283955,4192.210726909645,Holt-Winters
2026-10-13,0,0,0,538.4313333333333,5.913666666666667,3186.5071136283955,2513.452365093239,Holt-Winters
2026-10-14,0,0,0,538.4313333333333,5.913666666666667,3186.5071136283955,1892.3506194877705,Holt-Winters
2026-10-15,0,1,0,538.4313333333333,5.913666666666667,3186.5071136283955,2074.4416839408955,Holt-Winters
2026-10-16,0,0,0,538.4313333333333,5.913666666666667,3186.5071136283955,1728.4382659721455,Holt-Winters
2026-10-17,0,0,1,538.4313333333333,5.913666666666667,3186.5071136283955,1251.107577495583,Holt-Winters
2026-10-18,0,0,1,538.4313333333333,5.913666666666667,3186.5071136283955,1335.5857269096455,Holt-Winters
2026-10-19,0,0,0,538.4313333333333,5.913666666666667,3186.5071136283955,7916.914828472145,Holt-Winters
2026-10-20,0,0,0,538.4313333333333,5.913666666666667,3186.5071136283955,5285.736117534645,Holt-Winters
2026-10-21,0,0,0,538.4313333333333,5.913666666666667,3186.5071136283955,3141.668299846657,Holt-Winters
2026-10-22,0,0,0,538.4313333333333,5.913666666666667,3186.5071136283955,1962.157138042458,Holt-Winters
2026-10-23,0,0,0,538.4313333333333,5.913666666666667,3186.5071136283955,2577.514620952614,Holt-Winters
2026-10-24,0,0,1,538.4313333333333,5.913666666666667,3186.5071136283955,1343.5239593315205,Holt-Winters
2026-10-25,0,0,1,538.4313333333333,5.913666666666667,3186.5071136283955,3864.8215667533955,Holt-Winters
2026-10-26,0,0,0,538.4313333333333,5.913666666666667,3186.5071136283955,4453.03665464402,Holt-Winters
2026-10-27,0,0,0,538.4313333333333,5.913666666666667,3186.5071136283955,2792.8691436576923,Holt-Winters
2026-10-28,0,0,0,538.4313333333333,5.913666666666667,3186.5071136283955,3550.4334441948017,Holt-Winters
2026-10-29,0,0,0,538.4313333333333,5.913666666666667,3186.5071136283955,1876.9006683158955,Holt-Winters
2026-10-30,0,0,0,538.4313333333333,5.913666666666667,3186.5071136283955,2841.0117828178486,Holt-Winters
2026-10-31,0,1,1,538.4313333333333,5.913666666666667,3186.5071136283955,2587.2410003471455,Holt-Winters
2026-11-01,1,0,1,538.4313333333333,5.913666666666667,3186.5071136283955,1542.399569683083,Holt-Winters
2026-11-02,0,0,0,538.4313333333333,5.913666666666667,3186.5071136283955,4651.92337339402,Holt-Winters
2026-11-03,0,0,0,538.4313333333333,5.913666666666667,3186.5071136283955,2226.020419292458,Holt-Winters
2026-11-04,0,0,0,538.4313333333333,5.913666666666667,3186.5071136283955,2830.776827983864,Holt-Winters
2026-11-05,0,0,0,538.4313333333333,5.913666666666667,3186.5071136283955,1824.373202495583,Holt-Winters
2026-11-06,0,0,0,538.4313333333333,5.913666666666667,3186.5071136283955,4295.8644134330825,Holt-Winters
2026-11-07,0,0,1,538.4313333333333,5.913666666666667,3186.5071136283955,4171.70999448777,Holt-Winters
2026-11-08,0,0,1,538.4313333333333,5.913666666666667,3186.5071136283955,2230.3777190971455,Holt-Winters
2026-11-09,0,0,0,538.4313333333333,5.913666666666667,3186.5071136283955,5051.9288665580825,Holt-Winters
2026-11-10,0,0,0,538.4313333333333,5.913666666666667,3186.5071136283955,3642.349246196755,Holt-Winters
2026-11-11,1,0,0,538.4313333333333,5.913666666666667,3186.5071136283955,3964.9702483940205,Holt-Winters
2026-11-12,0,0,0,538.4313333333333,5.913666666666667,3186.5071136283955,6227.25296323777,Holt-Winters
2026-11-13,0,0,0,538.4313333333333,5.913666666666667,3186.5071136283955,3741.6885711479267,Holt-Winters
2026-11-14,0,0,1,538.4313333333333,5.913666666666667,3186.5071136283955,267.3132659721455,Holt-Winters
2026-11-15,0,1,1,538.4313333333333,5.913666666666667,3186.5071136283955,1113.3508636283955,Holt-Winters
2026-11-16,0,0,0,538.4313333333333,5.913666666666667,3186.5071136283955,4133.646334819801,Holt-Winters
2026-11-17,0,0,0,538.4313333333333,5.913666666666667,3186.5071136283955,3774.600802593239,Holt-Winters
2026-11-18,0,0,0,538.4313333333333,5.913666666666667,3186.5071136283955,1906.784091167458,Holt-Winters
2026-11-19,0,0,0,538.4313333333333,5.913666666666667,3186.5071136283955,1606.355624370583,Holt-Winters
2026-11-20,0,0,0,538.4313333333333,5.913666666666667,3186.5071136283955,3579.532382183083,Holt-Winters
2026-11-21,0,0,1,538.4313333333333,5.913666666666667,3186.5071136283955,1833.692050151833,Holt-Winters
2026-11-22,0,0,1,538.4313333333333,5.913666666666667,3186.5071136283955,940.2346526908955,Holt-Winters
2026-11-23,0,0,0,538.4313333333333,5.913666666666667,3186.5071136283955,1679.962557964333,Holt-Winters
2026-11-24,0,0,0,538.4313333333333,5.913666666666667,3186.5071136283955,2978.3875152397236,Holt-Winters
2026-11-25,0,0,0,538.4313333333333,5.913666666666667,3186.5071136283955,4322.181430034645,Holt-Winters
2026-11-26,0,0,0,538.4313333333333,5.913666666666667,3186.5071136283955,6261.81936948777,Holt-Winters
2026-11-27,0,0,0,538.4313333333333,5.913666666666667,3186.5071136283955,4261.4947845268325,Holt-Winters
2026-11-28,0,0,1,538.4313333333333,5.913666666666667,3186.5071136283955,7047.025668315895,Holt-Winters
2026-11-29,0,0,1,538.4313333333333,5.913666666666667,3186.5071136283955,8597.269320659645,Holt-Winters
2026-11-30,0,1,0,538.4313333333333,5.913666666666667,3186.5071136283955,4230.68313901902,Holt-Winters
2026-12-01,0,0,0,538.4313333333333,5.913666666666667,3186.5071136283955,8899.691683940895,Holt-Winters
2026-12-02,0,0,0,538.4313333333333,5.913666666666667,3186.5071136283955,4691.4486419487075,Holt-Winters
2026-12-03,0,0,0,538.4313333333333,5.913666666666667,3186.5071136283955,8532.307406597145,Holt-Winters
2026-12-04,0,0,0,538.4313333333333,5.913666666666667,3186.5071136283955,3084.345729045876,Holt-Winters
2026-12-05,0,0,1,538.4313333333333,5.913666666666667,3186.5071136283955,5712.70608823777,Holt-Winters
2026-12-06,0,0,1,538.4313333333333,5.913666666666667,3186.5071136283955,12108.277621440895,Holt-Winters
2026-12-07,0,0,0,538.4313333333333,5.913666666666667,3186.5071136283955,2740.115145854958,Holt-Winters
2026-12-08,0,0,0,538.4313333333333,5.913666666666667,3186.5071136283955,5411.982211284645,Holt-Winters
2026-12-09,0,0,0,538.4313333333333,5.913666666666667,3186.5071136283955,7246.601840190895,Holt-Winters
2026-12-10,0,0,0,538.4313333333333,5.913666666666667,3186.5071136283955,13642.691683940895,Holt-Winters
2026-12-11,0,0,0,538.4313333333333,5.913666666666667,3186.5071136283955,1839.9897796440205,Holt-Winters
2026-12-12,1,0,1,538.4313333333333,5.913666666666667,3186.5071136283955,7934.184848003395,Holt-Winters
2026-12-13,0,0,1,538.4313333333333,5.913666666666667,3186.5071136283955,6383.597445659645,Holt-Winters
2026-12-14,0,0,0,538.4313333333333,5.913666666666667,3186.5071136283955,6589.63821714402,Holt-Winters
2026-12-15,0,1,0,538.4313333333333,5.913666666666667,3186.5071136283955,4786.350375347145,Holt-Winters
2026-12-16,0,0,0,538.4313333333333,5.913666666666667,3186.5071136283955,5157.7237884330825,Holt-Winters
2026-12-17,0,0,0,538.4313333333333,5.913666666666667,3186.5071136283955,2872.0816375541767,Holt-Winters
2026-12-18,0,0,0,538.4313333333333,5.913666666666667,3186.5071136283955,1648.9988128471455,Holt-Winters
2026-12-19,0,0,1,538.4313333333333,5.913666666666667,3186.5071136283955,2762.297061138161,Holt-Winters
2026-12-20,0,0,1,538.4313333333333,5.913666666666667,3186.5071136283955,1808.955966167458,Holt-Winters
2026-12-21,0,0,0,538.4313333333333,5.913666666666667,3186.5071136283955,1865.101229839333,Holt-Winters
2026-12-22,0,0,0,538.4313333333333,5.913666666666667,3186.5071136283955,1221.0344573783955,Holt-Winters
2026-12-23,0,0,0,538.4313333333333,5.913666666666667,3186.5071136283955,2630.4212371635517,Holt-Winters
2026-12-24,1,0,0,538.4313333333333,5.913666666666667,3186.5071136283955,1682.7410003471455,Holt-Winters
2026-12-25,1,0,0,538.4313333333333,5.913666666666667,3186.5071136283955,1109.0720550346455,Holt-Winters
2026-12-26,0,0,1,538.4313333333333,5.913666666666667,3186.5071136283955,801.5654632377705,Holt-Winters
2026-12-27,0,0,1,538.4313333333333,5.913666666666667,3186.5071136283955,5023.4586517143325,Holt-Winters
2026-12-28,0,0,0,538.4313333333333,5.913666666666667,3186.5071136283955,4855.8907806205825,Holt-Winters
2026-12-29,0,0,0,538.4313333333333,5.913666666666667,3186.5071136283955,3890.126925640114,Holt-Winters
2026-12-30,1,0,0,538.4313333333333,5.913666666666667,3186.5071136283955,1815.087802104958,Holt-Winters
2026-12-31,0,1,0,538.4313333333333,5.913666666666667,3186.5071136283955,493.4077483940205,Holt-Winters
2027-01-01,1,0,0,538.4313333333333,5.913666666666667,3186.5071136283955,2541.2361175346455,Holt-Winters
2027-01-02,0,0,1,538.4313333333333,5.913666666666667,3186.5071136283955,558.8764983940205,Holt-Winters
2027-01-03,0,0,1,538.4313333333333,5.913666666666667,3186.5071136283955,3065.8874389457783,Holt-Winters
2027-01-04,0,0,0,538.4313333333333,5.913666666666667,3186.5071136283955,4683.882601909645,Holt-Winters
2027-01-05,0,0,0,538.4313333333333,5.913666666666667,3186.5071136283955,4706.663851909645,Holt-Winters
2027-01-06,0,0,0,538.4313333333333,5.913666666666667,3186.5071136283955,2726.4147979545673,Holt-Winters
2027-01-07,0,0,0,538.4313333333333,5.913666666666667,3186.5071136283955,1941.640780620583,Holt-Winters
2027-01-08,0,0,0,538.4313333333333,5.913666666666667,3186.5071136283955,0.0,Holt-Winters
2027-01-09,0,0,1,538.4313333333333,5.913666666666667,3186.5071136283955,2643.294589214333,Holt-Winters
2027-01-10,0,0,1,538.4313333333333,5.913666666666667,3186.5071136283955,2631.934786968239,Holt-Winters
2027-01-11,0,0,0,538.4313333333333,5.913666666666667,3186.5071136283955,4177.842868022926,Holt-Winters
2027-01-12,0,0,0,538.4313333333333,5.913666666666667,3186.5071136283955,3283.581195049294,Holt-Winters
2027-01-13,0,0,0,538.4313333333333,5.913666666666667,3186.5071136283955,2633.0245086479267,Holt-Winters
2027-01-14,0,0,0,538.4313333333333,5.913666666666667,3186.5071136283955,3025.8615752983173,Holt-Winters
2027-01-15,0,1,0,538.4313333333333,5.913666666666667,3186.5071136283955,2262.6872894096455,Holt-Winters
2027-01-16,0,0,1,538.4313333333333,5.913666666666667,3186.5071136283955,0.0,Holt-Winters
2027-01-17,0,0,1,538.4313333333333,5.913666666666667,3186.5071136283955,2237.238253765114,Holt-Winters
2027-01-18,0,0,0,538.4313333333333,5.913666666666667,3186.5071136283955,1783.189608745583,Holt-Winters
2027-01-19,0,0,0,538.4313333333333,5.913666666666667,3186.5071136283955,1446.0276214408955,Holt-Winters
2027-01-20,0,0,0,538.4313333333333,5.913666666666667,3186.5071136283955,614.2075530815205,Holt-Winters
2027-01-21,0,0,0,538.4313333333333,5.913666666666667,3186.5071136283955,2231.185214214333,Holt-Winters
2027-01-22,0,0,0,538.4313333333333,5.913666666666667,3186.5071136283955,0.0,Holt-Winters
2027-01-23,0,0,1,538.4313333333333,5.913666666666667,3186.5071136283955,3182.550345354088,Holt-Winters
2027-01-24,0,0,1,538.4313333333333,5.913666666666667,3186.5071136283955,4063.3222991752705,Holt-Winters
2027-01-25,0,0,0,538.4313333333333,5.913666666666667,3186.5071136283955,3572.8133270073017,Holt-Winters
2027-01-26,0,0,0,538.4313333333333,5.913666666666667,3186.5071136283955,3652.7509795951923,Holt-Winters
2027-01-27,0,0,0,538.4313333333333,5.913666666666667,3186.5071136283955,3426.7320281791767,Holt-Winters
2027-01-28,0,0,0,538.4313333333333,5.913666666666667,3186.5071136283955,4418.4923431205825,Holt-Winters
2027-01-29,0,0,0,538.4313333333333,5.913666666666667,3186.5071136283955,2317.5810882377705,Holt-Winters
2027-01-30,0,0,1,538.4313333333333,5.913666666666667,3186.5071136283955,1832.788241558083,Holt-Winters
2027-01-31,0,1,1,538.4313333333333,5.913666666666667,3186.5071136283955,2417.4922210502705,Holt-Winters
2027-02-01,0,0,0,538.4313333333333,5.913666666666667,3186.5071136283955,2816.2319976615986,Holt-Winters
2027-02-02,1,0,0,538.4313333333333,5.913666666666667,3186.5071136283955,4195.13626401902,Holt-Winters
2027-02-03,0,0,0,538.4313333333333,5.913666666666667,3186.5071136283955,4150.615817241676,Holt-Winters
2027-02-04,0,0,0,538.4313333333333,5.913666666666667,3186.5071136283955,5352.85452573777,Holt-Winters
2027-02-05,0,0,0,538.4313333333333,5.913666666666667,3186.5071136283955,5168.58304136277,Holt-Winters
2027-02-06,0,0,1,538.4313333333333,5.913666666666667,3186.5071136283955,3898.0896331596455,Holt-Winters
2027-02-07,0,0,1,538.4313333333333,5.913666666666667,3186.5071136283955,0.0,Holt-Winters
2027-02-08,0,0,0,538.4313333333333,5.913666666666667,3186.5071136283955,3112.218806438454,Holt-Winters
2027-02-09,0,0,0,538.4313333333333,5.913666666666667,3186.5071136283955,4452.697055034645,Holt-Winters
2027-02-10,0,0,0,538.4313333333333,5.913666666666667,3186.5071136283955,1324.2431976127705,Holt-Winters
2027-02-11,0,0,0,538.4313333333333,5.913666666666667,3186.5071136283955,3462.452578716286,Holt-Winters
2027-02-12,0,0,0,538.4313333333333,5.913666666666667,3186.5071136283955,1404.4824554252705,Holt-Winters
2027-02-13,0,0,1,538.4313333333333,5.913666666666667,3186.5071136283955,877.0273773002705,Holt-Winters
2027-02-14,1,0,1,538.4313333333333,5.913666666666667,3186.5071136283955,1163.305087261208,Holt-Winters
2027-02-15,0,1,0,538.4313333333333,5.913666666666667,3186.5071136283955,5403.31155698777,Holt-Winters
2027-02-16,0,0,0,538.4313333333333,5.913666666666667,3186.5071136283955,4389.05423276902,Holt-Winters
2027-02-17,0,0,0,538.4313333333333,5.913666666666667,3186.5071136283955,3496.7021819877705,Holt-Winters
2027-02-18,0,0,0,538.4313333333333,5.913666666666667,3186.5071136283955,5692.865512065895,Holt-Winters
2027-02-19,0,0,0,538.4313333333333,5.913666666666667,3186.5071136283955,2391.598849468239,Holt-Winters
2027-02-20,0,0,1,538.4313333333333,5.913666666666667,3186.5071136283955,5900.46292417527,Holt-Winters
2027-02-21,0,0,1,538.4313333333333,5.913666666666667,3186.5071136283955,0.0,Holt-Winters
2027-02-22,0,0,0,538.4313333333333,5.913666666666667,3186.5071136283955,1382.9719573783955,Holt-Winters
2027-02-23,0,0,0,538.4313333333333,5.913666666666667,3186.5071136283955,5033.8150970268325,Holt-Winters
2027-02-24,0,0,0,538.4313333333333,5.913666666666667,3186.5071136283955,943.4695159721455,Holt-Winters
2027-02-25,0,0,0,538.4313333333333,5.913666666666667,3186.5071136283955,2353.3667938041767,Holt-Winters
2027-02-26,0,0,0,538.4313333333333,5.913666666666667,3186.5071136283955,3137.6358482170185,Holt-Winters
2027-02-27,0,0,1,538.4313333333333,5.913666666666667,3186.5071136283955,2721.152011089333,Holt-Winters
2027-02-28,0,1,1,538.4313333333333,5.913666666666667,3186.5071136283955,1161.5498382377705,Holt-Winters
2027-03-01,0,0,0,538.4313333333333,5.913666666666667,3186.5071136283955,5128.5441009330825,Holt-Winters
2027-03-02,0,0,0,538.4313333333333,5.913666666666667,3186.5071136283955,1479.217196636208,Holt-Winters
2027-03-03,1,0,0,538.4313333333333,5.913666666666667,3186.5071136283955,4242.2374603080825,Holt-Winters
2027-03-04,0,0,0,538.4313333333333,5.913666666666667,3186.5071136283955,2948.303408794411,Holt-Winters
2027-03-05,0,0,0,538.4313333333333,5.913666666666667,3186.5071136283955,4526.2208587455825,Holt-Winters
2027-03-06,0,0,1,538.4313333333333,5.913666666666667,3186.5071136283955,1848.628085308083,Holt-Winters
2027-03-07,0,0,1,538.4313333333333,5.913666666666667,3186.5071136283955,1849.4734222221455,Holt-Winters
2027-03-08,0,0,0,538.4313333333333,5.913666666666667,3186.5071136283955,2883.6780425834736,Holt-Winters
2027-03-09,0,0,0,538.4313333333333,5.913666666666667,3186.5071136283955,5327.911410503395,Holt-Winters
2027-03-10,0,0,0,538.4313333333333,5.913666666666667,3186.5071136283955,2954.6374389457783,Holt-Winters
2027-03-11,0,0,0,538.4313333333333,5.913666666666667,3186.5071136283955,6110.150180034645,Holt-Winters
2027-03-12,0,0,0,538.4313333333333,5.913666666666667,3186.5071136283955,0.0,Holt-Winters
2027-03-13,0,0,1,538.4313333333333,5.913666666666667,3186.5071136283955,92.52469175339547,Holt-Winters
2027-03-14,0,0,1,538.4313333333333,5.913666666666667,3186.5071136283955,1331.8935882377705,Holt-Winters
2027-03-15,0,1,0,538.4313333333333,5.913666666666667,3186.5071136283955,4924.426058940895,Holt-Winters
2027-03-16,0,0,0,538.4313333333333,5.913666666666667,3186.5071136283955,2491.9148284721455,Holt-Winters
2027-03-17,0,0,0,538.4313333333333,5.913666666666667,3186.5071136283955,2111.4167815971455,Holt-Winters
2027-03-18,0,0,0,538.4313333333333,5.913666666666667,3186.5071136283955,5206.964144878395,Holt-Winters
2027-03-19,0,0,0,538.4313333333333,5.913666666666667,3186.5071136283955,2087.0434905815205,Holt-Winters
2027-03-20,0,0,1,538.4313333333333,5.913666666666667,3186.5071136283955,2731.5013152885517,Holt-Winters
2027-03-21,0,0,1,538.4313333333333,5.913666666666667,3186.5071136283955,3414.9217254448017,Holt-Winters
2027-03-22,0,0,0,538.4313333333333,5.913666666666667,3186.5071136283955,5129.2511321830825,Holt-Winters
2027-03-23,0,0,0,538.4313333333333,5.913666666666667,3186.5071136283955,4280.704867534645,Holt-Winters
2027-03-24,0,0,0,538.4313333333333,5.913666666666667,3186.5071136283955,1740.274813823708,Holt-Winters
2027-03-25,0,0,0,538.4313333333333,5.913666666666667,3186.5071136283955,3993.495516948708,Holt-Winters
2027-03-26,0,0,0,538.4313333333333,5.913666666666667,3186.5071136283955,4984.8995696830825,Holt-Winters
2027-03-27,0,0,1,538.4313333333333,5.913666666666667,3186.5071136283955,2609.0718719291767,Holt-Winters
2027-03-28,0,0,1,538.4313333333333,5.913666666666667,3186.5071136283955,3093.0342819023213,Holt-Winters
2027-03-29,0,0,0,538.4313333333333,5.913666666666667,3186.5071136283955,8742.425082378395,Holt-Winters
2027-03-30,0,0,0,538.4313333333333,5.913666666666667,3186.5071136283955,2789.2515594291767,Holt-Winters
2027-03-31,0,1,0,538.4313333333333,5.913666666666667,3186.5071136283955,3346.4431640434345,Holt-Winters
2027-04-01,0,0,0,538.4313333333333,5.913666666666667,3186.5071136283955,3662.8022796440205,Holt-Winters
2027-04-02,0,0,0,538.4313333333333,5.913666666666667,3186.5071136283955,2274.467501811989,Holt-Winters
2027-04-03,0,0,1,538.4313333333333,5.913666666666667,3186.5071136283955,3279.156176738747,Holt-Winters
2027-04-04,1,0,1,538.4313333333333,5.913666666666667,3186.5071136283955,1446.8594085502705,Holt-Winters
2027-04-05,0,0,0,538.4313333333333,5.913666666666667,3186.5071136283955,2374.097567729958,Holt-Winters
2027-04-06,0,0,0,538.4313333333333,5.913666666666667,3186.5071136283955,4321.4327728080825,Holt-Winters
2027-04-07,0,0,0,538.4313333333333,5.913666666666667,3186.5071136283955,2404.0188934135517,Holt-Winters
2027-04-08,0,0,0,538.4313333333333,5.913666666666667,3186.5071136283955,2927.3293487358173,Holt-Winters
2027-04-09,0,0,0,538.4313333333333,5.913666666666667,3186.5071136283955,2669.9529144096455,Holt-Winters
2027-04-10,0,0,1,538.4313333333333,5.913666666666667,3186.5071136283955,1935.9736663627705,Holt-Winters
2027-04-11,0,0,1,538.4313333333333,5.913666666666667,3186.5071136283955,396.3054534721455,Holt-Winters
2027-04-12,0,0,0,538.4313333333333,5.913666666666667,3186.5071136283955,2294.132723979958,Holt-Winters
2027-04-13,0,0,0,538.4313333333333,5.913666666666667,3186.5071136283955,4175.497409038551,Holt-Winters
2027-04-14,0,0,0,538.4313333333333,5.913666666666667,3186.5071136283955,2040.769198589333,Holt-Winters
2027-04-15,0,1,0,538.4313333333333,5.913666666666667,3186.5071136283955,2758.0455047416767,Holt-Winters
2027-04-16,0,0,0,538.4313333333333,5.913666666666667,3186.5071136283955,1932.5896331596455,Holt-Winters
2027-04-17,0,0,1,538.4313333333333,5.913666666666667,3186.5071136283955,2004.895175151833,Holt-Winters
2027-04-18,0,0,1,538.4313333333333,5.913666666666667,3186.5071136283955,10171.557894878395,Holt-Winters
2027-04-19,0,0,0,538.4313333333333,5.913666666666667,3186.5071136283955,3334.558566265114,Holt-Winters
2027-04-20,0,0,0,538.4313333333333,5.913666666666667,3186.5071136283955,6812.069125347145,Holt-Winters
2027-04-21,0,0,0,538.4313333333333,5.913666666666667,3186.5071136283955,3054.558993511208,Holt-Winters
2027-04-22,0,0,0,538.4313333333333,5.913666666666667,3186.5071136283955,1379.6330901908955,Holt-Winters
2027-04-23,0,0,0,538.4313333333333,5.913666666666667,3186.5071136283955,4143.709445171364,Holt-Winters
2027-04-24,0,0,1,538.4313333333333,5.913666666666667,3186.5071136283955,2184.4661590385517,Holt-Winters
2027-04-25,0,0,1,538.4313333333333,5.913666666666667,3186.5071136283955,3418.7656890678486,Holt-Winters
2027-04-26,0,0,0,538.4313333333333,5.913666666666667,3186.5071136283955,5343.054476909645,Holt-Winters
2027-04-27,0,0,0,538.4313333333333,5.913666666666667,3186.5071136283955,4072.447421245583,Holt-Winters
2027-04-28,0,0,0,538.4313333333333,5.913666666666667,3186.5071136283955,3796.100985698708,Holt-Winters
2027-04-29,0,0,0,538.4313333333333,5.913666666666667,3186.5071136283955,853.9558440971455,Holt-Winters
2027-04-30,0,1,0,538.4313333333333,5.913666666666667,3186.5071136283955,1666.4265472221455,Holt-Winters
2027-05-01,1,0,1,538.4313333333333,5.913666666666667,3186.5071136283955,3209.063599758156,Holt-Winters
2027-05-02,0,0,1,538.4313333333333,5.913666666666667,3186.5071136283955,3172.9430524635395,Holt-Winters
2027-05-03,0,0,0,538.4313333333333,5.913666666666667,3186.5071136283955,4936.7962981987075,Holt-Winters
2027-05-04,0,0,0,538.4313333333333,5.913666666666667,3186.5071136283955,3947.9834319877705,Holt-Winters
2027-05-05,1,0,0,538.4313333333333,5.913666666666667,3186.5071136283955,3645.1780731010517,Holt-Winters
2027-05-06,0,0,0,538.4313333333333,5.913666666666667,3186.5071136283955,2659.920565776833,Holt-Winters
2027-05-07,0,0,0,538.4313333333333,5.913666666666667,3186.5071136283955,2303.308993511208,Holt-Winters
2027-05-08,0,0,1,538.4313333333333,5.913666666666667,3186.5071136283955,2148.7453948783955,Holt-Winters
2027-05-09,0,0,1,538.4313333333333,5.913666666666667,3186.5071136283955,2499.344882183083,Holt-Winters
2027-05-10,0,0,0,538.4313333333333,5.913666666666667,3186.5071136283955,2869.300692729958,Holt-Winters
2027-05-11,0,0,0,538.4313333333333,5.913666666666667,3186.5071136283955,7572.184359722145,Holt-Winters
2027-05-12,0,0,0,538.4313333333333,5.913666666666667,3186.5071136283955,7607.912387065895,Holt-Winters
2027-05-13,0,0,0,538.4313333333333,5.913666666666667,3186.5071136283955,6491.009066753395,Holt-Winters
2027-05-14,0,0,0,538.4313333333333,5.913666666666667,3186.5071136283955,910.3386565971455,Holt-Winters
2027-05-15,0,1,1,538.4313333333333,5.913666666666667,3186.5071136283955,2021.085116558083,Holt-Winters
2027-05-16,0,0,1,538.4313333333333,5.913666666666667,3186.5071136283955,2809.9902679252705,Holt-Winters
2027-05-17,0,0,0,538.4313333333333,5.913666666666667,3186.5071136283955,5138.300570659645,Holt-Winters
2027-05-18,0,0,0,538.4313333333333,5.913666666666667,3186.5071136283955,2741.9917632865986,Holt-Winters
2027-05-19,0,0,0,538.4313333333333,5.913666666666667,3186.5071136283955,2658.855380229958,Holt-Winters
2027-05-20,0,0,0,538.4313333333333,5.913666666666667,3186.5071136283955,2305.7186004448017,Holt-Winters
2027-05-21,0,0,0,538.4313333333333,5.913666666666667,3186.5071136283955,3610.0866729545673,Holt-Winters
2027-05-22,0,0,1,538.4313333333333,5.913666666666667,3186.5071136283955,1146.415438823708,Holt-Winters
2027-05-23,0,0,1,538.4313333333333,5.913666666666667,3186.5071136283955,4415.345004253395,Holt-Winters
2027-05-24,0,0,0,538.4313333333333,5.913666666666667,3186.5071136283955,4151.19241636277,Holt-Winters
2027-05-25,0,0,0,538.4313333333333,5.913666666666667,3186.5071136283955,1929.234774761208,Holt-Winters
2027-05-26,0,0,0,538.4313333333333,5.913666666666667,3186.5071136283955,2261.906466655739,Holt-Winters
2027-05-27,0,0,0,538.4313333333333,5.913666666666667,3186.5071136283955,4003.076632671364,Holt-Winters
2027-05-28,0,0,0,538.4313333333333,5.913666666666667,3186.5071136283955,3247.1162139701923,Holt-Winters
2027-05-29,0,0,1,538.4313333333333,5.913666666666667,3186.5071136283955,2724.8525726127705,Holt-Winters
2027-05-30,0,0,1,538.4313333333333,5.913666666666667,3186.5071136283955,1896.623690776833,Holt-Winters
2027-05-31,0,1,0,538.4313333333333,5.913666666666667,3186.5071136283955,2489.5413543510517,Holt-Winters
2027-06-01,0,0,0,538.4313333333333,5.913666666666667,3186.5071136283955,4052.775546245583,Holt-Winters
2027-06-02,0,0,0,538.4313333333333,5.913666666666667,3186.5071136283955,2934.8334838676533,Holt-Winters
2027-06-03,0,0,0,538.4313333333333,5.913666666666667,3186.5071136283955,3110.8642761039814,Holt-Winters
2027-06-04,0,0,0,538.4313333333333,5.913666666666667,3186.5071136283955,1476.0417815971455,Holt-Winters
2027-06-05,0,0,1,538.4313333333333,5.913666666666667,3186.5071136283955,2500.7185394096455,Holt-Winters
2027-06-06,1,0,1,538.4313333333333,5.913666666666667,3186.5071136283955,5175.0963470268325,Holt-Winters
2027-06-07,0,0,0,538.4313333333333,5.913666666666667,3186.5071136283955,4382.6503021049575,Holt-Winters
2027-06-08,0,0,0,538.4313333333333,5.913666666666667,3186.5071136283955,2561.944247417458,Holt-Winters
2027-06-09,0,0,0,538.4313333333333,5.913666666666667,3186.5071136283955,3521.0525237846455,Holt-Winters
2027-06-10,0,0,0,538.4313333333333,5.913666666666667,3186.5071136283955,4059.199191265114,Holt-Winters
2027-06-11,0,0,0,538.4313333333333,5.913666666666667,3186.5071136283955,2024.237216167458,Holt-Winters
2027-06-12,1,0,1,538.4313333333333,5.913666666666667,3186.5071136283955,5220.02102964402,Holt-Winters
2027-06-13,0,0,1,538.4313333333333,5.913666666666667,3186.5071136283955,4893.3839446830825,Holt-Winters
2027-06-14,0,0,0,538.4313333333333,5.913666666666667,3186.5071136283955,4131.004489116676,Holt-Winters
2027-06-15,0,1,0,538.4313333333333,5.913666666666667,3186.5071136283955,2116.6609222221455,Holt-Winters
2027-06-16,0,0,0,538.4313333333333,5.913666666666667,3186.5071136283955,4366.07376401902,Holt-Winters
2027-06-17,0,0,0,538.4313333333333,5.913666666666667,3186.5071136283955,2964.970812969216,Holt-Winters
2027-06-18,0,0,0,538.4313333333333,5.913666666666667,3186.5071136283955,3422.4721862602314,Holt-Winters
2027-06-19,0,0,1,538.4313333333333,5.913666666666667,3186.5071136283955,1738.3850433158955,Holt-Winters
2027-06-20,0,0,1,538.4313333333333,5.913666666666667,3186.5071136283955,2425.5825530815205,Holt-Winters
2027-06-21,0,0,0,538.4313333333333,5.913666666666667,3186.5071136283955,2619.4329559135517,Holt-Winters
2027-06-22,0,0,0,538.4313333333333,5.913666666666667,3186.5071136283955,4706.5943939018325,Holt-Winters
2027-06-23,0,0,0,538.4313333333333,5.913666666666667,3186.5071136283955,3188.2255944538197,Holt-Winters
2027-06-24,0,0,0,538.4313333333333,5.913666666666667,3186.5071136283955,1960.7065765190205,Holt-Winters
2027-06-25,0,0,0,538.4313333333333,5.913666666666667,3186.5071136283955,2548.1170379448017,Holt-Winters
2027-06-26,0,0,1,538.4313333333333,5.913666666666667,3186.5071136283955,777.6904632377705,Holt-Winters
2027-06-27,0,0,1,538.4313333333333,5.913666666666667,3186.5071136283955,1295.6155120658955,Holt-Winters
2027-06-28,0,0,0,538.4313333333333,5.913666666666667,3186.5071136283955,4710.9396087455825,Holt-Winters
2027-06-29,0,0,0,538.4313333333333,5.913666666666667,3186.5071136283955,3027.354144268044,Holt-Winters
2027-06-30,0,1,0,538.4313333333333,5.913666666666667,3186.5071136283955,1519.0185882377705,Holt-Winters
2027-07-01,0,0,0,538.4313333333333,5.913666666666667,3186.5071136283955,4619.72024839402,Holt-Winters
2027-07-02,0,0,0,538.4313333333333,5.913666666666667,3186.5071136283955,971.3601409721455,Holt-Winters
2027-07-03,0,0,1,538.4313333333333,5.913666666666667,3186.5071136283955,1824.145175151833,Holt-Winters
2027-07-04,0,0,1,538.4313333333333,5.913666666666667,3186.5071136283955,6569.20120542527,Holt-Winters
2027-07-05,0,0,0,538.4313333333333,5.913666666666667,3186.5071136283955,4962.1161224174575,Holt-Winters
2027-07-06,0,0,0,538.4313333333333,5.913666666666667,3186.5071136283955,3302.122775249489,Holt-Winters
2027-07-07,1,0,0,538.4313333333333,5.913666666666667,3186.5071136283955,3072.878390483864,Holt-Winters
2027-07-08,0,0,0,538.4313333333333,5.913666666666667,3186.5071136283955,2954.6933776664814,Holt-Winters
2027-07-09,0,0,0,538.4313333333333,5.913666666666667,3186.5071136283955,5160.5624114799575,Holt-Winters
2027-07-10,0,0,1,538.4313333333333,5.913666666666667,3186.5071136283955,1799.8576995658955,Holt-Winters
2027-07-11,0,0,1,538.4313333333333,5.913666666666667,3186.5071136283955,2381.2872039604267,Holt-Winters
2027-07-12,0,0,0,538.4313333333333,5.913666666666667,3186.5071136283955,4481.6305267143325,Holt-Winters
2027-07-13,0,0,0,538.4313333333333,5.913666666666667,3186.5071136283955,2790.5578948783955,Holt-Winters
2027-07-14,0,0,0,538.4313333333333,5.913666666666667,3186.5071136283955,4384.997348003395,Holt-Winters
2027-07-15,0,1,0,538.4313333333333,5.913666666666667,3186.5071136283955,1037.9629241752705,Holt-Winters
2027-07-16,0,0,0,538.4313333333333,5.913666666666667,3186.5071136283955,1946.759432964333,Holt-Winters
2027-07-17,0,0,1,538.4313333333333,5.913666666666667,3186.5071136283955,1215.5097991752705,Holt-Winters
2027-07-18,0,0,1,538.4313333333333,5.913666666666667,3186.5071136283955,1915.102938823708,Holt-Winters
2027-07-19,0,0,0,538.4313333333333,5.913666666666667,3186.5071136283955,3506.0795928764423,Holt-Winters
2027-07-20,0,0,0,538.4313333333333,5.913666666666667,3186.5071136283955,4548.6056243705825,Holt-Winters
2027-07-21,0,0,0,538.4313333333333,5.913666666666667,3186.5071136283955,1021.0967132377705,Holt-Winters
2027-07-22,0,0,0,538.4313333333333,5.913666666666667,3186.5071136283955,3299.1277877616963,Holt-Winters
2027-07-23,0,0,0,538.4313333333333,5.913666666666667,3186.5071136283955,3469.110568218239,Holt-Winters
2027-07-24,0,0,1,538.4313333333333,5.913666666666667,3186.5071136283955,1278.2988616752705,Holt-Winters
2027-07-25,0,0,1,538.4313333333333,5.913666666666667,3186.5071136283955,2453.3001434135517,Holt-Winters
2027-07-26,0,0,0,538.4313333333333,5.913666666666667,3186.5071136283955,4563.07474058152,Holt-Winters
2027-07-27,0,0,0,538.4313333333333,5.913666666666667,3186.5071136283955,2285.9258148002705,Holt-Winters
2027-07-28,0,0,0,538.4313333333333,5.913666666666667,3186.5071136283955,3592.1719695854267,Holt-Winters
2027-07-29,0,0,0,538.4313333333333,5.913666666666667,3186.5071136283955,1257.809237651833,Holt-Winters
2027-07-30,0,0,0,538.4313333333333,5.913666666666667,3186.5071136283955,4289.1927825737075,Holt-Winters
2027-07-31,0,1,1,538.4313333333333,5.913666666666667,3186.5071136283955,2494.336398296364,Holt-Winters
2027-08-01,0,0,1,538.4313333333333,5.913666666666667,3186.5071136283955,805.4099456596455,Holt-Winters
2027-08-02,0,0,0,538.4313333333333,5.913666666666667,3186.5071136283955,4059.446505718239,Holt-Winters
2027-08-03,0,0,0,538.4313333333333,5.913666666666667,3186.5071136283955,3047.6153289604267,Holt-Winters
2027-08-04,0,0,0,538.4313333333333,5.913666666666667,3186.5071136283955,2178.653964214333,Holt-Winters
2027-08-05,0,0,0,538.4313333333333,5.913666666666667,3186.5071136283955,3242.655257396706,Holt-Winters
2027-08-06,0,0,0,538.4313333333333,5.913666666666667,3186.5071136283955,4369.8231536674575,Holt-Winters
2027-08-07,0,0,1,538.4313333333333,5.913666666666667,3186.5071136283955,924.2456390190205,Holt-Winters
2027-08-08,1,0,1,538.4313333333333,5.913666666666667,3186.5071136283955,10477.944125347145,Holt-Winters
2027-08-09,0,0,0,538.4313333333333,5.913666666666667,3186.5071136283955,8193.681918315895,Holt-Winters
2027-08-10,0,0,0,538.4313333333333,5.913666666666667,3186.5071136283955,7747.345980815895,Holt-Winters
2027-08-11,0,0,0,538.4313333333333,5.913666666666667,3186.5071136283955,9667.244418315895,Holt-Winters
2027-08-12,0,0,0,538.4313333333333,5.913666666666667,3186.5071136283955,5251.448031597145,Holt-Winters
2027-08-13,0,0,0,538.4313333333333,5.913666666666667,3186.5071136283955,1492.670809917458,Holt-Winters
2027-08-14,0,0,1,538.4313333333333,5.913666666666667,3186.5071136283955,1514.2922698783955,Holt-Winters
2027-08-15,0,1,1,538.4313333333333,5.913666666666667,3186.5071136283955,1259.470126323708,Holt-Winters
2027-08-16,0,0,0,538.4313333333333,5.913666666666667,3186.5071136283955,6960.181430034645,Holt-Winters
2027-08-17,0,0,0,538.4313333333333,5.913666666666667,3186.5071136283955,3524.9681121635517,Holt-Winters
2027-08-18,0,0,0,538.4313333333333,5.913666666666667,3186.5071136283955,2946.2898742485127,Holt-Winters
2027-08-19,0,0,0,538.4313333333333,5.913666666666667,3186.5071136283955,2350.393954448708,Holt-Winters
2027-08-20,0,0,0,538.4313333333333,5.913666666666667,3186.5071136283955,2270.9333831596455,Holt-Winters
2027-08-21,1,0,1,538.4313333333333,5.913666666666667,3186.5071136283955,826.6316253471455,Holt-Winters
2027-08-22,0,0,1,538.4313333333333,5.913666666666667,3186.5071136283955,2439.2331878471455,Holt-Winters
2027-08-23,0,0,0,538.4313333333333,5.913666666666667,3186.5071136283955,3579.76208799363,Holt-Winters
2027-08-24,0,0,0,538.4313333333333,5.913666666666667,3186.5071136283955,3695.88904111863,Holt-Winters
2027-08-25,0,0,0,538.4313333333333,5.913666666666667,3186.5071136283955,2209.0306121635517,Holt-Winters
2027-08-26,0,0,0,538.4313333333333,5.913666666666667,3186.5071136283955,3002.8984863090595,Holt-Winters
2027-08-27,0,0,0,538.4313333333333,5.913666666666667,3186.5071136283955,3268.1973144340595,Holt-Winters
2027-08-28,0,0,1,538.4313333333333,5.913666666666667,3186.5071136283955,2292.8935882377705,Holt-Winters
2027-08-29,0,0,1,538.4313333333333,5.913666666666667,3186.5071136283955,3508.0820342826923,Holt-Winters
2027-08-30,0,0,0,538.4313333333333,5.913666666666667,3186.5071136283955,3204.468312435158,Holt-Winters
2027-08-31,0,1,0,538.4313333333333,5.913666666666667,3186.5071136283955,1189.2163421440205,Holt-Winters
2027-09-01,0,0,0,538.4313333333333,5.913666666666667,3186.5071136283955,5229.334750347145,Holt-Winters
2027-09-02,0,0,0,538.4313333333333,5.913666666666667,3186.5071136283955,5532.65091245652,Holt-Winters
2027-09-03,0,0,0,538.4313333333333,5.913666666666667,3186.5071136283955,2517.629794292458,Holt-Winters
2027-09-04,0,0,1,538.4313333333333,5.913666666666667,3186.5071136283955,767.0151702690205,Holt-Winters
2027-09-05,0,0,1,538.4313333333333,5.913666666666667,3186.5071136283955,2988.377841167458,Holt-Winters
2027-09-06,0,0,0,538.4313333333333,5.913666666666667,3186.5071136283955,8096.746859722145,Holt-Winters
2027-09-07,0,0,0,538.4313333333333,5.913666666666667,3186.5071136283955,14617.967074565895,Holt-Winters
2027-09-08,0,0,0,538.4313333333333,5.913666666666667,3186.5071136283955,1623.908847026833,Holt-Winters
2027-09-09,1,0,0,538.4313333333333,5.913666666666667,3186.5071136283955,6606.87259214402,Holt-Winters
2027-09-10,0,0,0,538.4313333333333,5.913666666666667,3186.5071136283955,4063.7920867729267,Holt-Winters
2027-09-11,0,0,1,538.4313333333333,5.913666666666667,3186.5071136283955,4709.3050872612075,Holt-Winters
2027-09-12,0,0,1,538.4313333333333,5.913666666666667,3186.5071136283955,1554.554598979958,Holt-Winters
2027-09-13,0,0,0,538.4313333333333,5.913666666666667,3186.5071136283955,4966.53714292527,Holt-Winters
2027-09-14,0,0,0,538.4313333333333,5.913666666666667,3186.5071136283955,4814.22024839402,Holt-Winters
2027-09-15,0,1,0,538.4313333333333,5.913666666666667,3186.5071136283955,4671.2311126518325,Holt-Winters
2027-09-16,0,0,0,538.4313333333333,5.913666666666667,3186.5071136283955,2830.7009307670673,Holt-Winters
2027-09-17,0,0,0,538.4313333333333,5.913666666666667,3186.5071136283955,0.0,Holt-Winters
2027-09-18,0,0,1,538.4313333333333,5.913666666666667,3186.5071136283955,1368.9092132377705,Holt-Winters
2027-09-19,0,0,1,538.4313333333333,5.913666666666667,3186.5071136283955,4375.3458587455825,Holt-Winters
2027-09-20,0,0,0,538.4313333333333,5.913666666666667,3186.5071136283955,4098.930941753395,Holt-Winters
2027-09-21,0,0,0,538.4313333333333,5.913666666666667,3186.5071136283955,787.6255218315205,Holt-Winters
2027-09-22,0,0,0,538.4313333333333,5.913666666666667,3186.5071136283955,3292.359461956032,Holt-Winters
2027-09-23,0,0,0,538.4313333333333,5.913666666666667,3186.5071136283955,1417.2729827690205,Holt-Winters
2027-09-24,0,0,0,538.4313333333333,5.913666666666667,3186.5071136283955,1302.704745464333,Holt-Winters
2027-09-25,0,0,1,538.4313333333333,5.913666666666667,3186.5071136283955,2632.7789031791767,Holt-Winters
2027-09-26,0,0,1,538.4313333333333,5.913666666666667,3186.5071136283955,1080.2273284721455,Holt-Winters
2027-09-27,0,0,0,538.4313333333333,5.913666666666667,3186.5071136283955,3571.2473785209736,Holt-Winters
2027-09-28,0,0,0,538.4313333333333,5.913666666666667,3186.5071136283955,2290.576571636208,Holt-Winters
2027-09-29,0,0,0,538.4313333333333,5.913666666666667,3186.5071136283955,1702.509188823708,Holt-Winters
2027-09-30,0,1,0,538.4313333333333,5.913666666666667,3186.5071136283955,1603.439364604958,Holt-Winters
2027-10-01,0,0,0,538.4313333333333,5.913666666666667,3186.5071136283955,3574.6684600639423,Holt-Winters
2027-10-02,0,0,1,538.4313333333333,5.913666666666667,3186.5071136283955,79.65506284714547,Holt-Winters
2027-10-03,0,0,1,538.4313333333333,5.913666666666667,3186.5071136283955,0.0,Holt-Winters
2027-10-04,0,0,0,538.4313333333333,5.913666666666667,3186.5071136283955,1943.9873382377705,Holt-Winters
2027-10-05,0,0,0,538.4313333333333,5.913666666666667,3186.5071136283955,5566.594027690895,Holt-Winters
2027-10-06,0,0,0,538.4313333333333,5.913666666666667,3186.5071136283955,2784.54870908738,Holt-Winters
2027-10-07,0,0,0,538.4313333333333,5.913666666666667,3186.5071136283955,4460.18313901902,Holt-Winters
2027-10-08,0,0,0,538.4313333333333,5.913666666666667,3186.5071136283955,2316.7376434135517,Holt-Winters
2027-10-09,0,0,1,538.4313333333333,5.913666666666667,3186.5071136283955,2524.7640106010517,Holt-Winters
2027-10-10,1,0,1,538.4313333333333,5.913666666666667,3186.5071136283955,1856.177401714333,Holt-Winters
2027-10-11,0,0,0,538.4313333333333,5.913666666666667,3186.5071136283955,5432.929476909645,Holt-Winters
2027-10-12,0,0,0,538.4313333333333,5.913666666666667,3186.5071136283955,2689.0601226615986,Holt-Winters
2027-10-13,0,0,0,538.4313333333333,5.913666666666667,3186.5071136283955,2321.745272808083,Holt-Winters
2027-10-14,0,0,0,538.4313333333333,5.913666666666667,3186.5071136283955,2181.031710796364,Holt-Winters
2027-10-15,0,1,0,538.4313333333333,5.913666666666667,3186.5071136283955,2127.173251323708,Holt-Winters
2027-10-16,0,0,1,538.4313333333333,5.913666666666667,3186.5071136283955,1940.585116558083,Holt-Winters
2027-10-17,0,0,1,538.4313333333333,5.913666666666667,3186.5071136283955,1112.2524749565205,Holt-Winters
2027-10-18,0,0,0,538.4313333333333,5.913666666666667,3186.5071136283955,5614.456820659645,Holt-Winters
2027-10-19,0,0,0,538.4313333333333,5.913666666666667,3186.5071136283955,5533.561312847145,Holt-Winters
2027-10-20,0,0,0,538.4313333333333,5.913666666666667,3186.5071136283955,3163.0113689231953,Holt-Winters
2027-10-21,0,0,0,538.4313333333333,5.913666666666667,3186.5071136283955,1946.579989604958,Holt-Winters
2027-10-22,0,0,0,538.4313333333333,5.913666666666667,3186.5071136283955,952.8608733940205,Holt-Winters
2027-10-23,0,0,1,538.4313333333333,5.913666666666667,3186.5071136283955,2310.5635711479267,Holt-Winters
2027-10-24,0,0,1,538.4313333333333,5.913666666666667,3186.5071136283955,1762.929843120583,Holt-Winters
2027-10-25,0,0,0,538.4313333333333,5.913666666666667,3186.5071136283955,3827.4402190971455,Holt-Winters
2027-10-26,0,0,0,538.4313333333333,5.913666666666667,3186.5071136283955,2956.0750152397236,Holt-Winters
2027-10-27,0,0,0,538.4313333333333,5.913666666666667,3186.5071136283955,4143.320407085426,Holt-Winters
2027-10-28,0,0,0,538.4313333333333,5.913666666666667,3186.5071136283955,2642.6731292533955,Holt-Winters
2027-10-29,0,0,0,538.4313333333333,5.913666666666667,3186.5071136283955,3069.855235271462,Holt-Winters
2027-10-30,0,0,1,538.4313333333333,5.913666666666667,3186.5071136283955,2397.388827495583,Holt-Winters
